Address,Amount
0x709f1eded58f310af8f3b40399695383b35309d0,1910400.0
0xfece4fc28bdee14e72df795222798701adb02acc,534073.8965340354
0x99be63a273a050a67f043ecd106603a6faafecae,284547.7359092044
0x15b3ad7583ecf1ead4b44b0f383427d019a954ed,240658.85785115705
0x092d27c7b3a55ff617005e5e31406591b8674c44,240000.0
0xb84501efe8b7d824329ac9ce76eb5a48372bde22,238653.48632377016
0x0dc874fb5260bd8749e6e98fd95d161b7605774d,213779.26132039574
0xb753eebaf9deacb02c836950dae2f9e58592638a,208307.94794254086
0x11ba386d08b622ca75f15d1ed6e716727aa27cdb,155410.7877339466
0x2a88487328e89fe6c3b71706069715f301f4beb4,146235.0403743349
0x99611cd42b6281a9cbdee97f9e4bff51a8b1c5cc,135000.0
0x1255e17fff07322231a4124bb455c85d20d0a2c4,104660.37996438752
0xfa8343c666c7b4e617e502c7070a31c52d5a46ec,100376.56918545358
0x89b76bdda22a59014e7c67a612ca80dad957e13d,91829.00216080522
0x7a6dc361d8739b6fd01b4e918dd6d7f5d0580826,91621.70759349993
0x3303352577a458daca2ef3e127787ed715137298,87363.47281774397
0x8214de46fd2d0efcaab33b77cf2662c44446cc17,84630.30853786644
0x21c0d45e3c1a4430c4be2ee9109bc788cac0ffe6,78039.76498184128
0x2b7403bdb196fa5fc0e4f779600a084be0d8422e,74300.11121265792
0xef466f6ddfc6dd9f2db267e943c6b8a292653d36,71073.56158191919
0xf20b5657e596c1a3c75540960c66c609bdf1b171,66586.64515878669
0x7a0dff2a955b72159650300a9acef97146dd12e6,59248.213163062326
0xaf00740ac83290211c0c7729dc3063c90fbf5faf,53459.93626899719
0xf2978b5dabb93964410fb0394c07f144706a2df7,52999.999971139594
0x233530c67a69f4ede1ebd45321d4990b4e05ff4c,51561.71855617509
0x94db5282b2a766573aef88c69b2d1baf969084ac,50190.93589599628
0xd880507d359af862a5f8f318c8e934ab478ca818,50000.14087471546
0x77880222c4a4756771c587765bb2f0ac1157e5c1,50000.0
0x7ac159f266be93e67c24f91caf18a42be711ed12,49833.045442647184
0x746c9a9ba3e6c5f9f85ae83865d2c032f26e1af1,49738.91014089863
0x1ef174dd40b5a4ab1d23cf2a9c0eaa97fff24ba5,47863.33012511272
0x45f00158954845c223ce09b91f6c5c5b89411526,45354.69077434973
0x3841d84a5ed84bcd6261c49d656c4815619cdb45,44436.45134142389
0x24671af606791066d047d4617847329892162ed3,44011.918574059935
0x2b01f0d8d6aadb6c999ee5d61ebcc0b20bc1cdfb,41541.41550679603
0x50282be38fafb56c130b140493e471ae32c35ca9,41195.9953604488
0x4f3b5f063a3f3ec2cc0ef3a769820297d469d3ad,40116.0
0xb2f44ffa376dea81b57e6ae9ae16857e64dc897b,39000.17330901254
0x83febcf72458393a3957cc9793a9f04ff59a3d45,38106.86958149924
0x68422911ea1eee76d43dd6e63324346a42c90de6,35339.49506653628
0xc5200d72e6d3cbb471a6692d7425abe3a0c781af,33190.64284810961
0x291c245fd1e5ecada53166165838ad19da79a881,32923.06522816586
0x67ede0aa1b00ae4f5b3e7c52e1b336150554745f,31395.849840931696
0x056e5d920fb3ef4c7b0ee3c039802470ea8a3661,30068.93205144294
0x329c54289ff5d6b7b7dae13592c6b1eda1543ed4,29930.758015029158
0x5f82c97e9b1755237692a946ae814998bc0e2124,29309.41550621217
0x3cf7654333cb7c24eff8e21d7a6882ae3a057759,28830.808029174805
0x191c3a109770100b439124c35990103584a62f1d,28529.259865937074
0x99bf771e442b6f3a82cbefa52193790686b8818d,25573.969445340637
0xf62ada6eb3747323cbbfa89acb57cb8e231ef8f7,25333.0
0x97e3a0a4082c9e1836140bf2d4426f30fa1c648b,25049.3700456501
0x16f75aa4bcab8a8fda2bcab023ca1ae581453ac5,24983.040640207637
0x0cd27bb5a484aab857f8190d6415bd2f496472b8,23908.0
0x11a2cd82ec4794f4fc3ec5fffbc8d0a1416a5d51,23493.61147769413
0xbcc181046fd96ccadf0cebe30d4ff67d4373a126,23463.30514657462
0xb9665a8ba6e62204f54850a23135a92024b676d6,23053.52363205416
0x539caaab219b81d65085ddaf468a13cac491d12e,21672.36423182955
0x825bacb7fab158f4aa5c44208a2c29d1dfeb4a43,21215.0
0x0b05dcb04f7c4e4f034c069b9ecd50b7a9468e49,21181.150212099914
0x4926a5d91cf82fa80087d9cd002b8a3d4a5d6f5e,21112.76419198236
0xcce810ab3fa880eca2ce8c00bf5cc9f20cfe0783,20836.936685574226
0xe89f5b07a11b77785cd4bc51f756d2a734031618,20827.694117960433
0x352a0500b2b2cc68a7fe73784e1428a806f8773f,20589.244206489624
0x758cb30517b9b80ba4d617e5258980c974d14565,20025.896091151408
0x0fc69323e91db5e229d1afaa7d5cdc29817fe512,20000.0
0x076b258a9e07e3e2a5b25e8ae12e9abc1a4ce0b3,19973.318305948836
0x485f5df0654c8405d6124821e95f093adec1b16b,19721.294475337214
0x107ff2d8c2b65baee73bdf9ef47c470cfa5ad4e6,19215.793987083132
0xc699a413d0917e2d639d5ed577792b1d17e0b3a0,18647.0
0x13f0bf645e128c4f7fa3465758f8b77110ac0583,18155.42080267924
0xbf4ca3fc4a64ea89a503c0cb47f4b8a0a2b3a136,17120.47055131289
0x7ef1b4d0d7bfef10d66a82e2a7c30639d40d1326,17041.171102199947
0x437687213bcc9fd93c08c5596b6acf25aae63023,15911.0
0xaea8c6444a5e4efd738a6ec51f3d0ed0928c110b,15760.677407422858
0xbfe91fd8d3506a1bf973114271747019c01b41de,15705.80641121314
0x8ebed0ff2b0232b0aedbfe6e9c0f72ac72577869,15353.220158849097
0x1460d20f27d521965a9d2ea5108709d56dc73607,15214.78406675528
0x1daab53a95e27fdf1c3bf814ad4699095d081152,15008.819628381612
0x79da4dbfebfe8b56c183643f192df4bcac94d583,14951.490496505758
0xd2522c9d1d31784102b944ca314b6a00f6106dd2,13165.663656833902
0x7b8c9c60e3aacfc57c6aa717e1f426dea6c79d72,12826.973513509447
0x531d1c7f871e1112c88135e95cd2e98a9edeb65b,12754.553949155561
0x8fec806c9e94ff7ab2af3d7e4875c2381413f98e,12653.899085701323
0xaf026a8a003cc9f3ef6524e19746c9c1bfd83315,12505.734517859702
0x27a33493c7430574c4d8cd2d45a4a709cc8176d0,12449.940436259072
0xc02ca57ce4fd197bd34877791be417b03bccc049,12402.454248328817
0xb9a41231063493527c5d0a1ab1467863871faa9f,12246.465891555681
0x573ffb78679f3d07f1dd3228dd62035061dd97be,12135.19613847582
0x26235a422c82045bd0526a09d23fff563f306abc,11983.529812987681
0xf7b53f367223de357e062fd943343b4473b83653,11730.381237346277
0xb34c450ef0d90467b42b54632ac7d7f584bb9206,11634.267390619209
0xc8d46eb7881975f9ae15216feeba2ff58e55803c,11545.552111122855
0xdaf02f3490ff5ad4762c0c019ab2510b5e456543,11505.945248902526
0x02ee94f0c83a405badf94f5989dcde609296c540,11097.446351432696
0xca7c767854b1e7305de07247ab85e30543d1d9c9,11083.87864622076
0x0c1afc2da8d1df58ce884f875e2e667e2639524f,11000.44991033199
0x19dfdc194bb5cf599af78b1967dbb3783c590720,10909.454925688242
0x5c243f3f01a8c0284c218481ef21a6db68a8a2cc,10907.70811746793
0x34f4e8c6ff75c4cdf1f78f74e4c12307ae5346ae,10852.364778385247
0xfb27ea9e342b90d29144f2b02fce921ebb259b67,10766.444451377565
0xa06651299b9faf027b139a7206b749787ca90508,10756.823493453356
0x2a7e86f90215062ad6aac678a3586b3bfc73cd9c,10589.978629037932
0x631ea73794462cf9bf0a8a7ebf581c062c535b59,10561.399521594287
0x31692895da33e099e2ef78730c225cd2d38b1084,10540.974731019955
0x02652540af39b4e8ffcd6e7e6691d8e6457d62f6,10539.917943806295
0xe0d91a3e9266a25fafa978d29fdf692d5aa79bae,10396.583166120776
0xc0471f8a0ca9ac3e234448344284dca8e93e0b58,10343.362919334277
0xf71825235001ee58fdbe50aaf752656b4152e3d4,10256.453699082078
0x13514e3875a6bcab2a8f3aff6554910cbe926372,10233.950252475193
0xf47e3493991b05be2ed554cce0442fd1fb2a6436,10112.542455196855
0x5ac69d8beea56f6bd046fccbef4a170d5dc00d23,10033.331752948967
0x4f26fcd654d1a510c1f2ccf128014280218b1932,10000.555053847294
0x221dc58e1bf33818d151456427833c4213caf04c,10000.000000000753
0x634be7f3d7949ecc4ab5b1b50815ada75e2dc295,10000.0
0xb286a69751da07df31eb2f9962bec077f351b0b1,9927.834440231323
0xe4cdd39e032f5a06ea57a5f1556db318bab4ac23,9855.83083676029
0x59bfff190d02762d1fc5f9635d6aa34b1359306b,9661.468891749497
0xdf1d85b68df38c6baedb3831f15e7f1f155b1a3f,9496.669990303906
0x045d84eb69e62857c9ac7078a91a33eae16c0ba3,9400.165553092194
0x78f1b4984ea680615347b2df8164b2824d3c83f0,9276.952647167642
0x3841ab2f0da8b6da02b676d2e41e28ec338ae000,8968.406402046736
0x61b6059cbcc864aeb4165a285433b28cecaf7688,8958.305076186676
0x9ffe85b4571ee27f375c4fd1eb210698d3052b5d,8807.838261046503
0x94be29106b1af30cca46212a94c46a7f9814d986,8775.331598423765
0x4e66b05059dc5daefbb015bc81b8e9cadfa11cd9,8750.751814127645
0x7cf9f878942489b7a1725d628a9e59fb1b38ab27,8679.17412273008
0xdf93a8253ca2fabdb8d1b5c19fc372f3f9a49284,8496.701984063762
0x11e1b440e87d6a8c14620f06213b9e218a286271,8174.37723260761
0x4b81d61a7c522bf6cd6d3573353f21aae28e0cc8,8166.444189902844
0x46daeb2c4b3d16de081f6b0f3acf29a56cf89a54,8160.211255533345
0xd35d061af1c1f0e916def674468140dc7253da3d,8156.275296305956
0x103948c5e054ac42fc340e3622ebfaa4cf9423b1,8099.204690948954
0xedae60f1d7837b13eda3d3ba9f4da6b8463c07c8,7985.214295668631
0xf8d7b3eb5ead4aacaeb643bd6b278b9771c03c3b,7961.989299645422
0xbd76bd734259c2c47b099986a32fcb64199baa7b,7855.6856100595705
0xd5ef0972239746f7da376f20c1bb5cc22784e0ca,7853.679149278696
0x0b6db6c404d7f798342e7cdbf1aa94d4d892cdab,7783.622744783533
0xac026b8a5b6a7d0456fb7236b49b90cd93dce396,7729.172439911215
0x18080d6ca8631d2f62773f62936bce75cd2a7571,7689.9303121883995
0xaa391b954f9b201d12e316db2f979cd7c460d0f0,7500.0
0xbfab3fa9fbc422e9202558b3c51c2d1d0b2ba551,7400.0
0x0c3f5a8577a3e293dd5f41b521d7a0bd97d2368a,7246.162681660834
0x7a921b0365b4571bee00ba5a1dbb422b11f13f9e,7048.421711932655
0x3953c940eab02973bd39898b108e203b74e22b36,7020.976620276978
0xe9e17048a3bce94979f6df3526326ff529fd20c3,7016.741723271669
0x0d47ad4141c9f429b67b0d7a26cce408ec30cbfd,7000.367509022141
0xda5930dc7c0022ecf9a084120df232c24e54ddab,7000.0
0x6783d71e75738c905b8e26318c4e7f0bbbf1c37f,6884.40598430255
0x4d0e55da9eae6e5dc061c7a9af7b41989c69c1a2,6801.270941213467
0xd34e9ed860f33431235caaa51fd658243923621d,6786.010809336715
0x2c457b09f390fc348384f8de08f1455372266b84,6675.348939438773
0x922722cf0705c4cdbd00566c922f36350d23843b,6666.898923933272
0x5ea86984488a0cd98a61494de68c80f8ce836a27,6650.0
0x1fdaef7db97ee16b4fb8dca203e7fc7e1710b0ca,6610.584206003975
0xa426bfdda22814a691fabcb44dcbe696b0fd16d8,6479.856834411621
0x9ce84f6a69986a83d92c324df10bc8e64771030f,6428.817198374004
0x0e119685190ca54b5bbf5e3504f447c5e40d2410,6400.0
0x88fabfab1395bac6131be74428af6394b5a358c4,6306.176733892286
0x9dc6ca2cd9ab7c38f64f7e6d8607a55537c23ca4,6298.551150026272
0xae58656d27c561f93de0e23042b67eddea69a8fc,6272.0249956248035
0xa64567790511bc894d939d9cc9c68e5302b444ab,6226.936776239464
0xddd9545bf70a4ba68e0afb94129945a23e3ec6e1,6200.0
0x2f30ae8ce5db2540f5a89659bf9a65666d3e8e4e,6196.3340044413635
0x9bc7a5ee86c800dea4560117f53773c82d6298e6,6000.059312231651
0x069a1c872753c6907348d70598be35a56396b163,6000.000000000001
0xc1486fca92e83f531971c84cff3a2e1c4aeaafb6,5978.70088349281
0x6d496477692320d67b8f211ede5097f3c89abf63,5962.72701886137
0x712af5aebae372545ec8a04cf5a59f89e97b941f,5942.772315829416
0x9b0f9baa4281ea7fcd86e13ccc4c63f558b5cff1,5849.554376285393
0x01dcf7334a12c3e93a9a863ce61a8d0f41213e6c,5772.935271927981
0xa900a174d7351bbfd71ebff091c6c46e98b0df5f,5697.5500303156105
0x6b53460bc92c9556a1fcfdb026fe63356e68eb06,5652.945884969508
0x22cd8fc3376c801299d0421887f79e6043a2977e,5608.413061553236
0x54bcd31ca05680f24f9ad644187e06c5deaec649,5534.411746822063
0x35349229f1316f338fa7c87d2defead9135b363f,5487.963950715994
0xb54db321bb821bbfba2d49ff8cb19a9153ae3c53,5409.202963094238
0x725f5ea0d7fdcf7e0316cdee18dbd24225594077,5348.551626611085
0xd5f7f73c97f8d22a3f6bf9f00476048191c18488,5293.86843607305
0xe2ce7c0b90c8d47b5337ac2d2bb5122b2ad13107,5290.799482126259
0xcdc2f106e9694b16ffdbfce2a2612076ce44b4fe,5244.590587248113
0x1653be56ab8fc7221d2fb9c668d557f3786352d4,5227.656908971832
0x7715b6902bdef1cd17e535cd29862f01468de741,5223.769387603362
0xecd934e335b71a6bb41cc43bc1c3a21aca4b22dc,5214.241022078638
0x0977fb31724b70a5f8919ded164ce84984294cc2,5129.660924242337
0x70f7169ee4e1ba819c9b8af1ee39b9029c4a0c00,5109.937944518042
0xe912cac1a6641004a8803687ee7699227fdb0550,5050.917576117543
0x47a44b9c277e3bc255dd09090df74b6fd1cfac68,5050.910217629022
0x919f34ed092696ccfae27d1173c32c0147e0edf5,5036.196703575519
0x0ffaf8e5543cee0629ea3da2a0712c12930627c6,5000.0
0x4d227ff787772d9208a5c863df90fd639d990e79,4893.823345048838
0x0e337b071d4dd6ddd4924f7c5fb54dd9a2c5dd6a,4854.273988545529
0xa0e730ae29d4ddbc39c40f94d799b75c3e17bd58,4819.221321113904
0x8fb20c72139b2a971ab814503d61111349f8cc78,4805.406934356689
0xcc1cc238f0d0de0bb82cd1f36ea988d8eb4489ab,4788.886202128315
0xc3a3f7d36d8cb95105983fb5cdc5898b890e363d,4763.259944016085
0x10f0f06f57ab343985cc128e9a34e0d7a8589f4f,4662.9949324376375
0xf24b73a328df29cdde804acf605b8722ad5030da,4645.215909372885
0x32f9c4b3201d3780a7184d770269911ce7c6b6a5,4600.239754687863
0xb5700900120a06155eb5ee838698aad339e099ff,4547.451713177752
0xba04ef733cdf056f2256f893ab779de3ba5bc7b0,4511.152626790851
0xeb9a30bb09676e57fe964e151fe8dae554294bf9,4398.378963764143
0x65013c3379b3da439d3c9cedfec6354c71bc3051,4366.6371461790695
0xe1aaa2c11174590bf97a221f51d2ae622d980b19,4351.770258278849
0x88e399d855118cc0b2b8f0da50a8306e5318eba8,4340.743889562154
0xffb10d3343cdd0c34af46369b5435328a2a93146,4292.088300152035
0x3a25e701517e713e99818a169a39339fc3eae9d2,4228.050481731018
0xdc03b0028e3afa0cb865c28e6c57f0a3a77c5cd7,4207.621677609778
0x23fa8032c25dfdf4026b191c40f74da814920826,4179.818689614573
0xccfb9010a9d082dda54be56f8f6f4cf4da9ff86f,4167.269910169687
0x73ba2215220ab9b22aa30e0360c0b045f241658f,4127.31110671964
0x190182027acd15ee59cf13c6e4a345642653e1db,4125.4581472565915
0x1a57c6d902e6087e99334b05cde6244dd297e8b6,4037.0026614391686
0x9bfba640006bd76851cae389a93461b28fef54d1,4022.1366827927222
0x19bff1dbdf88b154be91af3c9c8542a50f53858e,4002.4290359529555
0x076924c052b7a3112bee8658a8c3e19d69361df2,3957.996575342501
0xbe02640ee22518da2110768e35eef33beb773845,3954.455193514857
0x9ca1517733e0b250ac88f25f01142adf32bbfb95,3947.8749279200697
0x4f9b96c907016a8bb4d91d80c57bf5009bebbe9a,3941.947368520274
0xb8e00ef5b082660f18cb95a6b668fa102455689c,3914.9590986402277
0x2f226f2197dbeb5b188b674f5df39b69c45607e1,3872.9519895613485
0xad9abbb3fe136a2e537598aaf2e6b3ed804cba57,3853.7425730401305
0x440cf5c194f4b5d79fc5fc44948c9f49102d8a87,3776.802879951399
0xcca1168e8f44f913692a68c351fbd4f880059982,3775.9119695466557
0x63ae5ba476bcd81573b75f2aaf176f0fe6d98e0c,3622.9522209307547
0x0d226b6c9836b7937cb92b535a479132a95b2bec,3622.673604397905
0x23ffd72ddb129fe3a8b965d7af3722905c0a7381,3577.2751492033635
0x25b70c8050b7e327ce62cfd80a0c60cccf057fa6,3525.6148003102203
0x600506923e182269678561534dd89a197d795434,3477.8320675014565
0xbba2379f5cc9a2f248c5cf18ad72379ae2478f42,3449.627709860089
0x1931db4f2aa47310c712156aa8c68be444499aa1,3405.2271903213905
0x6c8df45bc51b5a0dbdb14b8c9625f7307365419f,3356.3115429735176
0xaa15ab8fea0ae32ee23f3e74ae5aba1ac125f349,3352.07082196269
0xd8e11add77fde7fc593e64e417f7ce41822659f8,3349.878243044683
0x9fd966262df869e1b3ff496dcee56275aa4c2300,3349.607134688859
0x80fa06c0e3619d0558d4e23f77237b8bbcd68465,3341.5552496395717
0xc7b624ce445eb15688d9a29810e3e5a19e4121d4,3328.0859753927452
0x39e0117d4b30605ba84f47daaa2a689fa89b579b,3315.8166452650494
0x537c07b610e31e671065771ad2af4ea412043460,3266.637104762864
0x2061530bdd693b359761b378b05e1d55abf98c32,3151.306951904297
0x8ce043a1a966d1acc640b247ba68b9b3a261f173,3141.956162702623
0x65c9a64b3a90613e0888beeb250698e918fb5361,3111.9939770460724
0x4c84610d1ede60d3ed6be3c68a6f2bf1483137d3,3077.9783714021273
0x2e6f1c90b8f4828ad6158251a86aab6e96ff35a0,3014.542544850289
0xbe4a3a2b8640f300f489fe5e5820e43d295f0935,3006.441856991687
0x82806bd59f60bf3ab6b579cf2c70cb057d8fec82,3003.3090911002414
0xa800fe5e671e26ea3bf7651529ca195ff3eb45b1,3000.2348633098213
0x9308cebd30e7dd272abc4383f0adc52ab331d95a,3000.0010982534086
0x0cc2d2831c0df9966a1bcf1ac71734baf59e979c,2999.999167943921
0x89b483978e172e9e99174768e4f07017f7755ca2,2941.5980337801193
0x0e9d27ff615e8b4fb3869b947e5a469c4d8ef796,2937.07211847926
0xda27b586f7950a4ac3e857daf1f9c21d6b7f99f3,2933.73079618106
0x712c1e9b7969c54757590243b326e09803d55ba6,2919.469965234297
0xf116569b3f888d639372a5485685a6d8ee28a593,2880.8452860114658
0x1e53145b6ee6ab512202e630431f20ff9496a64d,2855.2051732865057
0x6580b4a8af96532eee64fc7079ca9dcd3dd1b815,2795.3399698422145
0xec730cebe005a75ab75eb9c9dddf2a45d41392e8,2773.7974027684672
0xd511a8d9448dc95e774000dcc342207144aa9377,2770.6263017284477
0x71469196f8dfb0ae37b6cc6d4336222ba6d6a512,2770.5833402803014
0xb32801dd2aa03dd39c0e020e8e7a0a56cacf4cc3,2767.83848640973
0x1460ff91cd0c6ff7b87648add3716c8356afd66f,2742.7271893035995
0x0d2ebf30cbc83d9f99ac4ffcac23dcf0d9467329,2711.3459423217923
0xf5b812d76db4f0341c49a2d8e2e8b19d800d6ec3,2700.130621190102
0x2af9b355a578e8bf422bb7ebb5ee7434f24d5ef3,2682.765421075521
0xb633d9b6763b4c7d8773992d4233686da8079df9,2645.974871481372
0x58be4f3944919b9914d967a48edd93a62e76367b,2640.02382532744
0x166f449ae71786dbb55b773e82b496db6d2beb34,2596.808717056646
0x68f46464e35fd9119b2bc91b8a4245eb6a075479,2583.022169628424
0xdda42babfa867443065e4fcaad2bc3a55f4e2dbe,2533.819722072372
0x78947805246fa30f80533d77486dbee786acce6e,2533.6258254193426
0xeffcbe1768341a773d65b26ea804cd1b0aac1e3a,2525.4893287028294
0x40157c23ba821982442ff24654c0418be85ced16,2513.057980301129
0xbc07b5730651867d2577b5248610bf0a1df086b8,2484.764559465833
0xd973d2bdeb73157bf46a4cabb1a8bbf71ddf0cc0,2473.735612603484
0xf0bd9a9a562b4998f8ff9a861a5ef247b43e7d77,2473.4620504947784
0x00b8d0703c780db1bbca584bb3292dc087fb6aec,2454.075245372682
0x8fc6d9b4264da9595102f68329a699d6dac62aea,2444.6743883707104
0x0c67fd994b2961cf89ec40d24cf1890b873c7071,2406.3720646304832
0xf98231371022e10137452d24c657b5e12b603271,2332.6605495855183
0x84903d3ff4b9f14fb189b157c190117ab619f387,2322.6011902786736
0x622f40d0e112d98d63af36e9583dcfe15728c931,2316.739896708042
0xf77411006105b96364e39a35e2aab8c4e7345cef,2290.932559097868
0x20f4b1c39fc34404c80f039d3f2733f5887f8e0d,2261.1098312179943
0x2d1ef4acf4cae6a38950971aaaa15f88d9b3f165,2252.8458386294633
0x82daa4f05df9b8ac873c612f5ec7e05ba01c8318,2241.9346805015552
0xc6dcf8846d6da3791718cc924f63f0380db8a1ba,2230.5380676717605
0x4c5472116fe8fdc491428899aa7f3b2d8e631896,2212.1099674528778
0xcf7b6a6fe7858fb04d93563f186d4cdbef26168a,2209.1024704203624
0xb2993f007d2abaecbb7c3529d78c5de0f1214888,2200.832629831196
0x2bb5208726a845f25ddf13fdaba2bd8a7e3ebc4b,2176.568632328801
0xb19044a14ca6b11ac3bdd6d1c70717684b23e051,2084.8990348316916
0xff71c1de0fdb391b9072098dac841932c0191917,2081.8729605450862
0x0f15eafb7c17ca82d5157f37d745a3c426c57fa1,2044.2512587617123
0x248fa0953c98d845117268bc3474e2cd1a448a8b,2006.9581029485948
0xdb5500902251109a2e03907a31d13f8c9eb74fd5,2004.2004751139261
0x9b4c436f40e7fbae7bad8b7547a2e8652c71b6c5,1992.0655591591938
0x7768791d6bad750d9370a994f789fc308480544d,1991.1268177513714
0x32c6f2a5dac590860c945c80294aff518e325b43,1985.6300928836283
0x1fa6c7a2b48293412cdb3ef6bc31f059ab57d7f4,1978.5725152780276
0xd614c042922f1a9669341e878c8ad090db48b240,1946.4410956579902
0x4b98c19d040f7296786d9d2b0cdbcc6b48adebda,1934.3775925742173
0x43afc11367595f3baaaa3322f7633a70faec5ee8,1917.0
0xbef8627317c75fdab23a4305cedfc472bc21787b,1908.9374527051575
0x05f2a82ed3dfd7ee72b6e3cbbf611194e22c42b8,1907.8446391951882
0x499f39d4861f214808376c890aa7cf6e424fb05b,1903.4102020730716
0x96b3154ddf94fd38e6d07d16bcfc339e94673aa2,1896.2107063807446
0xd0b5d5114f93d060ede34c6549aade3a365880c9,1877.5710620576035
0xf2e2d6b5931a1e49b9d3f783a85ff80bcec034bb,1874.5376811881986
0xac2eea2e32af733c4e7e3564422447dc7c5c938d,1827.2027400481431
0x568aa10110b8b3f47b0f14c9790fd7f748e4b6e1,1819.8918701081197
0x4693d006ebf278c4d50c5bcc1924c8d51b643ac6,1818.1096558435022
0x7034e0b339894eed554aacf022fd802780707be9,1808.9005786338369
0xe4bd19aa29c40e422fc038a956796ff8e2ef5ccf,1800.427270393537
0x2fba909aed4345ac0c67c75c51d955f822b14629,1767.0212469434614
0x3aaf87557fc32018f0e6db957e0b2a359839ecd6,1739.0298013930706
0x7805cad44a0e58270c666e8b932c315457b0042b,1738.819191430423
0x11ee7dccc1cf223318efe308ca55c282f1d355ad,1702.8701014914316
0xfce3275e75d0feeb9579bd8025279c1685f34598,1686.1864874838095
0x162c0c1a92dd035408c89049d74a2683a09d47b5,1684.0237951779775
0x35cd93344a06abd1fae5b2c1aa2bee94ee4dc015,1678.5218672858964
0x6b36555399433d3b24fcc9f614707904fea46665,1646.9982908320978
0x841382062d00f024a7a4fee09e42e08df41dd714,1646.941005074813
0x03ccfa71ab27722b2ee0839c5148421888df31d4,1637.9450964593807
0x07957109221d9e71c83c332a998116a9544e2f94,1608.4191853455995
0x70a1e02e1e0447c5be9afe92fd5d513996b52068,1595.9880324031
0xc033302a732712361999a42cbd41d997845c29cd,1591.33088490935
0x6af79d79afc266c730ffa55b220472b40870b2a0,1582.9897356892436
0x0b8093f12293a36ce036d8a68061c844c5b1f87a,1571.4221848076302
0xa7341c2802d84d2894649e49502ee7215a11b657,1570.4523599212157
0x0e156ccf2549c582635b9b457a90fe3d1bf041a1,1553.8064815025346
0x4a37d8b19960070b302a70148c0cff0f75218526,1549.1081285249622
0xb5ad5f9ced65c75721a8fcd832eb830b4b51516c,1534.797951282398
0xa658f3689388556b6cfa5fb99969a568e452a352,1530.1350651652122
0xfb0cf362990d2e6d75d224f7583b43a4108232d0,1524.6209431924294
0xa61804cbdd8973b02c387e3fa9b737a936582048,1500.1241497101294
0x762eaa9b88f3bab8fa01c348568dfbe2a28fd260,1500.0
0xd08acabe918c78720660f74de01fcd3a6075651c,1500.0
0x4f818d56a7f0ff47027fd42a22bd5e3931641329,1489.5317568235187
0xbf3427a4c4c7028a612b78462628b04fbccf5cf2,1463.1078412962158
0x704cd7553b1dcaba4770baddf98d64d9f38e19f4,1462.9519210712094
0xe63757e3cd485c9b35b3a972fffa2d91b8649483,1460.4012368306833
0x3b6c61ec8e8701800ecbc9addb05bfd850acee1b,1455.2501555161075
0x3f1e91dad2d9522bcb181ca011cb46f14229c7b6,1446.358548833194
0x203f92e053f3edb58e355102a54706728e611246,1436.4166918860715
0x429952c8d27f515011d623dfc9038152af52c5a8,1431.2733306689167
0x590c6d733aa428dfe58ed0fd15c821fc92eeb564,1430.9701489762301
0x18279b53e9039866f0c5272ddd68b68a5f0e3359,1429.331812509657
0xb237fe0b0d35d791c85165140036c786e9e000c4,1427.1369689225714
0xa305c919b891c248f6e1d66a1bd85cc30c0239d0,1419.375565314282
0xba6f51e8d50cb759009f5dbe9f618a9924962887,1402.9106249259162
0xf930ebbd05ef8b25b1797b9b2109ddc9b0d43063,1352.816646619115
0xe175ca80c4c5bfff25660ae8b5f872e3689512f2,1337.0
0x292c6dae7417b3d31d8b6e1d2eea0258d14c4c4b,1332.5
0xdc2593fa545cf3f7cea5a9a94d3290ebbdaff960,1328.1034134973038
0xad4489f64a8be791294116d3e99d2721c7f0a72a,1323.0843997903698
0xc43a212035e41b7cb635305616fd0594ed5df0d5,1318.6077815829506
0x5caa533b1bb4cabc15f26d4fc7c549a27421ebfa,1315.0
0x7354ae2774ad3ba1ee28d39fba44de753d595709,1310.742962144418
0x1492ff7999229bd0d5b6839e8ba8f0acd6a8da43,1310.6531967775095
0x167c6018861efdf5b03c27fbb5dfdf9f7ddc5cbf,1303.5792379186398
0x65b0ca787dcf9aa2d5e0ab93eaf836424ef16e83,1295.9778702431622
0x47e69ae06f43aaf165f022a45ba1112476034f8a,1292.4002774412206
0x1a32dc731b3461ec8811c7ce4a725b7881ff839f,1279.5341091574858
0x6abc6d5ce27162ae0227129495571040fe790c25,1278.2572003118662
0x7c93eedf4ff1a47493d094b4473400f8534dae8f,1273.884955091114
0xca07b5ca81dc1d6ab287ce2a81715b659f366cf3,1271.840489273493
0xd208e22d5b880ec749f4aabb2c1b6b6a7173d395,1271.436073832212
0xbbc122437aba8906d4f4bb85204e767c23c49365,1269.0500506645049
0x3a56524a6a803b06af82589f2437b030dc1e6e80,1260.7744479179382
0x09535b5c76a7daa3d888b9aff95199aff386afa3,1248.9472636040514
0x2823f71bd00ae1c916bb4f37d5447c312e93d1ca,1247.7651887156965
0x5f55a03b2a416bdcea8a0bc04f9ae6c6ee118634,1238.1909342117492
0x9d45042a0287bdc063ed0ac23d44b0936528c026,1234.8045610193806
0x899bc43d25bd7b6aba3999d02746b0284d88778e,1229.403892370823
0x37b17ad816f3a3ebc59fd18d79134be9bfb545a9,1218.458284818158
0xc32f722e15190282c3ae2010aac09d38d26db1b0,1209.4937402219477
0x613d048cbd27c709d9a75a18a420882a144c3a5e,1206.6362496318673
0x6416ec541cd674d347be59ed2bfed79ea388d043,1200.9144179720784
0xae1c937f53c3240dd4bf77814dda55275fb1a9a1,1195.987204379412
0x99e18243b0c1991fede00efc319a16ebd6c224f4,1190.1450755000124
0x3ac09f2d7887399ad1b8292c972e0682f54f5bd8,1181.5713284946273
0x28caca2d99111351bd6bf39738628135ee192443,1164.5251816323414
0xe285cf9383a7600d15ec93915d6e4ce932e5e4db,1157.9452077341666
0x271bc1d79a6ca300de99e634e0a0508fa1b0ddf9,1153.435205335179
0xed47b1458316c2fe373060ea2976b1bea708eb03,1153.3517194399374
0xb7a4ea8cf4a6738473a21a1784c5c79009b7fef8,1145.3586121246553
0xbd1f7d88c76a86c60d41bddd4819fae404e7151e,1140.0
0x66bb7c182672a4b4a1c5891b9fd708b241ef3622,1128.3132330613587
0xa860cba0d569454a33b8d311472d639e431e7488,1124.9281492032294
0x37494f3b9dc42fa569718dabd1cf0d00c9f4be42,1103.6576708471384
0x8dfc241f7621a344c1fd3de783bc56ddf03b6501,1102.7115650569458
0x020891d1e23ab9a8a5cdc6def299761c5aee0b22,1102.376330001815
0x3834f3601f3ea3b9a6537cb19d39cb7eb9bc7531,1095.3216709825374
0xce7e15acf3da916a4df4842c3350248ad74ffc79,1094.960951549525
0x0c95dc4b70cdc40d6f450bf006151cfbe9a2c087,1073.377143047128
0x000b5e83dd32ba4bab4b3d1744a73b36caaac715,1073.1553533509243
0x734f3ed7d3d606bd3e2410a833b83ecf0317d9f9,1072.9358850618391
0xd075d9cb27e42b279c9f81bf8455fe65108d72d7,1069.235331592876
0x9df7aef97f3e05410624a99d442370d8793e9b50,1048.0
0x1fa049ee75dbb2f3e660c617a1bbecbf00fa25fe,1042.47332918169
0x9fd86d2a6c0a8ac88d2c8a165ebe72bd655940fd,1038.0065776654849
0x1315b1502b5d4830d131691395f5da696d0ddfd9,1022.5
0x89c33a59c24ac1f663398c2c0a2ba29affefaf7f,1014.7578506071867
0x36bc8ab353155d3613f0ff46e6eced244e98c293,1014.3935947519678
0xe0d275834a3c8c337c0d09325ce94eed19ef6ef3,1013.5948521154971
0xfefd328d2adcf4265877764d06e87201bf72c59a,1006.8554317656402
0xb5c15f26b53f738d2ef00f276c3c353c3882b034,1002.2970078127074
0x6ecdab45023d14d57c5d09e9f8a4a3782b0fd2fe,1000.2683549591733
0xaec4a987aaf902505c20a19a87abab687b6f5cb0,1000.0
0xc1c79c6378e5a72895c8ea15fc6dd59ffddc8dee,1000.0
0xa688d43501d7df531bedcf2176d008996e478b74,1000.0
0x71ddb55120eb39fec30cd079e712313be20123d0,1000.0
0x11d6a7b45e87164b258c87ec9e17b1a0144b144e,1000.0
0xeed7e1c7c9c68611584e8f6230178ce0a48eef7f,1000.0
0xd60050199c4802d36a815014a9fc0cf7e1b97acb,1000.0
0x1954412daf4759936f4f0d42e1d2d4449a1a22c1,1000.0
0xc96e7ad39849b44b09fa0d7156f5538fb001c9f3,1000.0
0xb567885635e2184a0b2fdd0a2caaa47c38c3b4f9,1000.0
0xf5f2665d0eb440029fa51faa104a3238b3ec33fb,989.1299398845091
0x53dd88b3bfd53133798a6facccdc714e44e3540c,980.6480801933974
0x87d767a1c80eb3488c6620d5f96c4e1841020184,978.3909711782638
0x601859aba9a740f5022b58438a274e9e11cd25d0,976.1735049368964
0x280745ca47ceccef4b565f0ac9aa25368dbfa26d,974.6856196795586
0x6683e277e4d031dce7cb8487d966e0d2191635e5,962.2111349786866
0x77fb62fcca3ed31b1c546f415cc5a4c563990bb7,960.1891910991078
0xeab10e06247aad57ac3aa799bc34b1a713eab34d,955.4323203570258
0x0b3e8e981ac61b5e590bcd51fc6492852bd71733,945.0469959179977
0x3c406bb7ca208ba831ec67a91f9a64d5648fdad1,935.9185
0xe71c54e216682a89c2e8b0353ff5b5ebabf9daf7,931.4852986067184
0xe0105e4b66545741048016ae4a51ee924e458876,929.6914532197103
0xd31a65ec8111b200876218b287ac7f4c59b91171,908.526660048
0x9e06af6bdd23d2b3920107f82247ab7ca18bc03e,900.0
0x6faed5ac479268ff79807d80e8e32fb09e4a7a98,891.6900529356316
0x66bd4b3b9df6fa9bd391e6f03f2248ef8d6a3c0c,885.0159583875271
0xe1c7d37628133d3363c984cd642ace37e5aa729a,844.1514558802706
0x6b65525a40704a4c48d07c25b8d05654854dfecd,834.0956055831414
0x02ca2568cfd5014566352022d126472b21279edb,824.3722929244732
0xe80e272741d9e6dfe47d1d73e3200d88e8701fe3,818.9614907464621
0x14ebcd509a2bc5963b3f0b5ee8e4186a671d2041,818.2981483870406
0xfc1d46fae1cd6fcfa2d34306af2cb6d67a7d55d8,812.7021411340736
0xba39bf5db0cc53337ffbf4ab2bd2c014f12d0ae2,807.5
0x34c2ba054ac53aa71d34955e112069feadf34ddb,805.9301800445201
0x446e9b578958e51e7d0d84742bcf6080f0302a00,804.1891637879309
0xbfd733f1502da77b3b249257e52deaa897543824,801.177083578254
0x959ad4a87a4039109f9133ab110787679f6d1038,801.1613633592727
0x503ce57e0e71a6a043f1d39d78e8ff385f2174f5,800.9099216686211
0x67d004edbc89fc7c925d6bfea49e99c0f731677e,788.4010538731484
0x803585733d4554e712dcacc2acea3a23b96de1e0,785.7558220282517
0x5890efb07d3900ff15f353b72fddc48759356290,763.5680455773419
0x09e329413234e621aa810481b271ab80e1fb4ae4,760.1617856722943
0x307edbdd78d386eabe0269cb60529f4f8a07df6f,755.0
0xc344f940332d3aa76e4f20d7352aaf086480111f,747.9946819248484
0x1dc8a6d263043775b26ed713762aa54d588f8852,742.6089149837511
0xa9eb4296e2265ca0664961c8cb55b4c0ba3094e7,736.2711428033253
0xb0b0d8d672f14492eafda5854089708e0fe223ac,727.5420771103633
0x7f29248210d28b99d54a6b3b5a4729be5838d14a,725.4397104501069
0x31f024a06123986e3ac90bda71455de42084a6f7,724.6720341499345
0x82fa7050be13c8debb630353faeabe4bc6173379,721.8417281600897
0xbe167151c27210a80b40ac2fc48c2955cac921c4,718.4724731445312
0x43cf6d975661f0ee3b4536a79c4b5b99e4f385b9,716.5251676529027
0x1b3269dfe161a7c6d79616e2874215ea3e044818,703.0345099386404
0x04df798edade87d112a9b89e671f991a0661a24e,701.87665378725
0xf3d9281fa183b74f32b96e1c5244596045f4ede8,700.0
0x3fd4ca6c85d1e57ddd7b3e73900cd10b1b052273,696.9312949992299
0x7cc1a622fecead4a1c9939031a262858bbcab0ed,695.9318135976791
0x37820e6a522e493135b8e1d80b2c86f59e7da64b,690.0931937916076
0x45b5e0e45f677dc2039a2ea7818038b1280a25b4,684.9133218893306
0xd15caa7651fab08e1c30ed96abc0d59ec6db7f2f,678.9416417099759
0x7e1feb23c08bfe287f6d3350281029af0889502a,676.1317591419819
0x395540b36a8127fa59e09e3491dc69432ac22fe3,675.7700251933088
0xc15d15050e7abf5f955b4cde8867064c618872d6,674.8021276752438
0x2573623e65748f9848ff10caa34bc6931753fc60,674.631831713526
0x5d65bc84d2bae1ea9471fbc561219b7e1b4e7f37,672.9685511896234
0x997bdd6ad6012680175c21dc9b26f49c0cc98188,667.3512999370639
0xd772d4b12e478e5fc6c77d12fe9e861fdccda346,640.6465555281437
0x3cc9482a76473db9796044e119a8cd59d7fe7097,640.0
0x5109ed456b83a0ae039b5c3b2e31876025a8efe8,635.6887465991878
0xd90f2d3e76c9a24775da55180b67c99b7bfc453e,619.7386238616378
0x11ededebf63bef0ea2d2d071bdf88f71543ec6fb,619.4291352510918
0x8c3de1634251d1e51c28844391fc9c11abb9f5e4,617.9118623994609
0x7e5f578d0e4c43ae5c06a19bfb43a539a8908c87,615.3614664566335
0xaecc4763cb416f041f58a49c348c16dabef62946,608.9348637443493
0xfe97b57e1b6e8137143b00257a32e181a56b3f77,608.2031355006745
0xaa550ff1f5aee58160a459bfffb68fd81dd0d570,601.6715873387685
0xd26ab170462214725c89c5a67be4b44577331620,600.9355932218838
0x6f388ba88e44386d907c0be86baa108ef7956609,600.0
0xdf7b78fc7b5c277cc50feac48c6dee0e448acea5,600.0
0x00e89d657c31682411d499afe1ff4faa4f3eafd7,599.9686967768623
0xd5a9c43787c24e9962b8cbe981bed952e042914a,593.2482438078434
0x8b4ea96254229f4e93538319010a17a7a5fbf864,593.1708097156416
0xe387378291f4bde9de036db7f581784dfec08e5e,588.5506164869803
0x1c012b03f1c2dea274d2eeeb566b0eeabfe3af1a,588.1755050946631
0x2770ebf12835bbddcbfbebbb48f250ab277f76b3,582.2660347890295
0xb2e7aeea36f6e5cfc1fd00c800752a2960bd0219,572.8825094446764
0x5d58518c1902ed78c48d77ebe71feede67419438,572.7116966704011
0xd514088abe24f9198a2cddd04a964e2f5c5e1789,572.0553921788836
0x2e465ddca6d2c6c81ce6f260ab13148d43e93371,570.5110496221425
0xedc8501c9f4173e2a76bff49c0b571f14903a7e7,567.5
0x73e2cbd3e7a9eb65b4535bf9bf5582059d03e462,567.3766646244211
0xa512c518813d12bf40989f511a0fb0e08a1f617b,566.25
0x5e599b10fdeaa1f5e55d81fd441fd479fadc1379,565.7151304128503
0x575d1102ada99d29868cdd083a32511f08d5ef2a,558.6454717770881
0xcf45120bc16790f88d51356d64500467c1c32b99,550.0300656920563
0x40e0c81c885d1d70f7f8206b529520ace5ed7b11,549.1986174206463
0xbfc948537e1fb11e40b5cd952d70773dd691e4d9,544.1350110058189
0x30ba6f210ca13f485b4e7be2dcb5fcef32c141ed,543.82609046528
0xff8da23b3871e9ad71f27ea413bf69fab8cc2c09,542.0640635498081
0xa73af1923165d3b21a77655d59455b80aa9fe52a,534.0192734164192
0xa223f9384c8a401b7d1445296131e44fc6945788,533.7240459804387
0x50b03254e1013ab8325db6576dab1b9c5a7d0f3f,529.2160961125921
0x49f8220e627d93e74f21ceccad9780beff6993fc,528.7450835139583
0xe2860f8a3349d87f9d9a75ae45ca8caadab8495c,525.9838745039509
0x8e1e2eb707151c7634042797a8f8fbfaef16aa05,523.945
0x349b27d89647537e49043de995118d9c9d5c4841,522.2098969683052
0x79c652fb457f33eda54a83637f1dfc8edfba729c,520.6030121826194
0xdbd2407c9318dc26f8e38b4cb76d5b8aa760abd1,520.0
0xe873618a077f8ffda058b06cd39d5450240a7d1f,520.0
0xa8024a2a43075ac8b17a696668d6e1b354fea9b1,515.0401464024109
0x786426191d67a245e5f1da23e70b1266a756b509,513.5616110120891
0x446c0d2cc4736e89017a0a7bfc9f1a818b4c14b2,511.504093170166
0xec0cf15a2857d39f9ff55bc532a977fa590e5161,509.9069604701139
0xdb17cbb4cb5d9e3a8db7b79a058c9ba54f0900fc,507.23567000681857
0x8829a87ad9e586ccbbfd6c7445b886417a97b091,502.9413822583922
0xe562e247ed1b8bfe4bad9f6dfc15c096bd99340b,502.16734472807116
0xf99983c1b128b87bed9ae10ec19df12fefdeb822,500.6437362072378
0xd1e6c835bdadcd19b44cd0f781f0ef7a2b01dd7a,500.154149798912
0x704330a41116e066f0cab51f0819b9c06a81bfac,500.0000735510389
0x0b93fe1f86d7fa024554c7b2f8396b03bfafe627,500.0000004916696
0x187089b33e5812310ed32a57f53b3fad0383a19d,500.0
0xd1d7ca56128c7c7ac815be6c47ea6dcdda0c539f,500.0
0x9e906eaca4e08f39aaaf510608792d87370d82e0,500.0
0x43015ce1df82d812600a07dfcbeae46a40f6ba1f,499.8574706669832
0xb0ee8bafb7e0bd1cd9819fc5bb408d001f0e4c9a,496.59595241950865
0xff2e96fc49d25e05c8ca8a8778965977321319d0,495.64536428758424
0xdd12083655180f8cd455d3e017f8e30907ab5188,494.15593035202113
0xd6a9b4140dac3eddec0d270238b39a59ba3c1a2a,492.8107668341746
0x525c9547146f2c2caff32dca2a3fa644ba702b2d,491.59905432705784
0xb81a15f85f3da604e48260291f442dd6b45cf231,490.2872075739334
0xd4ca68125cd0cee38047b820720c76bc89aca317,489.5148346149232
0xde36fdaa09885c88945f8c5c28d3a7a0d4e746c1,487.74943234631473
0x3ffeb696b4b0df2b547d6c1acd45384354e64180,485.29165768287595
0x60e2395030cf5f1ec962de5596fa9ab0bf88fb4c,484.49645423889166
0x2e1651b8f615f2959aa2daa8aacabe4e3d4b483d,480.3016647244482
0xc58b48f92295104b237910619df3f47d49c63ff6,476.38007720036853
0x9a65c56caf2ae2e46d1d088a9af7f6bf54bd8988,476.15499048072394
0xe2b8c74c8e5601c8adf5a747c4dff3486a804698,475.0
0x9dc16e56c474050d362620a9a6192da09a7757cb,474.80852296586556
0xf21fd222ef6c0ba8e22eb59200faca1e4bf3eccd,464.4448112740226
0xb5f48ab0f3472331b999a2b2dd0e2b7cb300a29b,460.6402935363142
0x664797efe4cfce9ea82b00fd1ebda450bb5f98f1,456.17630956593405
0x72af8296d1272deffe909926d1db18ee418542a8,455.5880206993613
0x11905dc9445744277600e3251200f469fb464a37,454.8081453127007
0x1d9d7711a5f625f5867f81dcb99b39a08c0b10fe,450.84824966223226
0x0ce15b159dde11810d63e6e9817535396f173bfc,448.2483410236899
0xc25430c20b33a19de1a556194848cc3f6825dbf6,448.0118818540745
0x6db5e2d66c9d24fe2aa58aa3c369e4d228d672eb,444.44291004011274
0xdef1b9be18cd90cf82fa250bc9e9fa94ad96f463,440.9173167811005
0xa0a0ba0143a82d289fd4db507f06e18be0e8f6bf,439.42131197594756
0x5868b2d2280f01f58db7a2873889c704ddaa8f2b,437.00068680953325
0x834b0980549688789af2596496e8924d47f18a4c,433.0743588520309
0xaff077824bd34036171c5362b0f88d379ece3588,431.1046168913069
0x6ba68c7a3a8d406d3380b589fcea64a5f6129494,430.8593649303196
0x8dd523f85ea4b41578e51084dbb3d579a4ad2154,430.398216400105
0x2206d46b75b909a86a3bdc748dfb988637262128,427.0133965159502
0x64638859b613cf1d64ea8f0f0caaa07d80aa7451,413.65811996028316
0xd2e7ea70b41449fad5cb61a8ba7e19df55352d39,410.7620952951125
0x7422d32cb5919d7478b843ed6729c9aaec6ce4dd,408.6572806380128
0x04f5cc08ced02de7cd175ca16f153bde43909aa5,407.27772284639406
0xb47cab2121bbfd2cfea3ad4af4eedd4b2e52dbd9,403.75
0xbaf6cdc929d887bb3c1c7ca3726bf2ab39cc4fab,403.75
0x05310c5594a3c961f212308317ff3a4fdd8f82af,403.75
0xed0eb4f29fe044a17b791d13a3ed596fa008df3e,403.45159725138745
0x85c2a4b851a3a83da87a7bd46f4ca64e207d7e36,402.5
0x69500974718da8285e06ea171b6ce68ac53f480f,401.57247630555213
0x5fed920b1b5904c494ca5baa289a153bb8889798,400.393462759621
0x391bdf807fb7900771abc89eb2a07217a4c261db,400.00037097027626
0x2b91b4f5223a0a1f5c7e1d139dddd6b5b57c7a51,400.0
0x47cfe1eb0616271e408f766c75b7bb79054cd84c,399.54701806967995
0x17e3924d5cbffd313b00fe3bac29cee086e5f99f,397.99429374331595
0xdf71df4e6039221b617ad23531b258dd5150c891,394.69457786059394
0x66928cd77386c1252ffaba25a082eb88fa12f4f8,393.7356552844991
0x0437eebe530b24e0f1fa95dcbb78aa0c903b3cd0,391.7407728721705
0x82eb8c413cd4ea66c761272401dc7c96c49a3445,390.38528564986683
0x4d7e4b2ad317b0a0eeedde9cc0bbcaf8551a2cb1,390.3728247244319
0x04fa5c3869ded7d00f36f13597a2f46aee4c9220,389.2426778160554
0x18c1c9fe9bb665f182ec3cfb49d2eb770ecbd190,387.5272499711691
0x1992693a0bc5ffb6b46802cb9b67281307fba0ef,387.2899798742031
0xf94d91c8878601d4d22b0657fc7aded8daa23c2b,382.8582071402581
0xef9355e1f3ed17459078dfb54bf609c3f65e3f34,379.86790869117755
0x9a146f5292b4b083692804e3771297dfc665fb2a,371.59859180450457
0x7f95d5b2ae15da8611c88ae5a33537c65c0f52ee,370.0
0x63d1a49abc112339db1db18b47a7b5c1b6d232f0,368.7761314722342
0x0e41270a29300f5a743f87bfe7b4f381a73377c5,367.7696860336427
0x1411504562fc5893c57a860f50f1d6c82116dcc0,366.4155145500418
0x32a88f097056c773569abb6a3cf8d88228466e00,364.30260780165736
0xe3bb611bede8bd0f21d0a6692dbc431d9bbaec83,363.6455613614568
0xc1171d3a46f954e4017230a8cfbfb04544c2246a,359.3837712986587
0xb6b7772572c4233fb1028325cb33582254aba3b1,358.0164168707956
0x68b53aa18d1b8437b7cd9524040c776e2261e06d,354.8968179209483
0x562bfc4a8a5cb49ea478eeb13fecb1e57ec5b718,354.6777701722015
0xc9c026d92314aaa032cf493db1058b143dbf9aff,350.18690824882947
0x68575571e75d2cfa4222e0f8e7053f056eb91d6c,347.01534226363225
0x5e5ffef1103717f17a9a155d0c7646ec5e16551e,345.7972893714905
0x907a2667a196726eb6e08a187c6bbd268e9ea2a7,345.2796225324354
0x8e0c78c2b3fdcd490423165fbc4409153ca6d2c5,343.1605264910035
0x1839ec1de991fadd8a63b3a8266448861281444e,342.7749557911594
0x959ec8193f32c0e77635a7cbf7648929482b4df5,342.57745619867046
0xde67b3a60b584ff90f73cf8220292f78847bc332,339.816464146696
0xd40ff7c99832ca7facf2d174ec04474efc1633d0,338.99934715994607
0x97b102e00d88f02debfd6b1e4b901dd6931bb982,334.73749517838024
0xaff60d3391ffb31798f44e5909d7fbb8e2866681,331.18946728566334
0x2dc59761a7f77394b1b388fa7661fc375d22ee56,328.3364952547246
0xa97594ac7370595db1b57bdb3241369cf99ce0eb,327.3925780131159
0x87771738754896556eb349f024e497ff73431905,321.6332184208023
0x0e43b915d2d03162a36dd72031dd25ac575912d6,320.1411660403559
0x9ca59b97b1f7b422880c4df40496828030332631,317.1322226342563
0x76274304e878458f59b4e31805e3c054ad30ed30,316.2490361674928
0xffb45754d285fd24613fb0c42e4e6b1751ebebbd,316.09359646874253
0x8b9eb25300acd85bd2164f4ae77d95bc61d3dd4d,314.8260087100298
0x8eaf34baf85f90d1e32e727a7004bf7325771c78,312.573546617087
0xfc5ee8ce5e22dc6524edefbe4d7b1989adc2d471,310.56860032930246
0x4c21bd527c0d8b84df6d8902308e26f8c8aab466,309.8250607591562
0xb2bbbc5912e692666f8e9e2a0ca0382ee328463d,308.72473858102586
0x969c7e1801e0e56c7aba62f9fd1fa0ebd01d4c53,307.8568551127246
0xbb2d652108d158c90c28c07ce57df6c728eca65f,306.7982781019065
0xe6df7d52223a401e6b68ba45aa52dfedc141f25c,306.4366015196418
0x4e5aa74a5ca28c557e7aecba16b6d5e57d029cec,300.69907589991243
0x33ab6fc8eac617a7a6d18e4c7c10b9b85f62ebe3,300.0
0xdb0c9f459f5e4baf8fb45f4921f406cb02b1d8de,300.0
0x771b9d7e8c6e1b025264183c05a1f784190ca71b,299.4073424129611
0xdd06429202ee736b85dc7919e4d7c801852474ce,298.39966980500554
0x4f50cef107cfe15c93f899260dd9a63034f38424,298.1511221242037
0x07b4f316b10accf127de1cbbac425d344cb35452,298.0431915184
0xef8011bb4a3d82f33a3a8a5964eb0937f6522b8a,292.83714223922675
0x155deff21cb6766c2f68775de2f83750bc3c5f46,291.73883901486727
0xa446014659af25700f8babcc3949fda19915f7af,291.6508301511678
0x300ec673f8bfd6200f4829133fc4ebe266bd55ad,290.07709073823133
0xf283ca60821cd2249faaa3626bec1e83ccc99979,289.7685903578345
0xa7198d8c5f3d5d9a102acfeeaaf7cd2fa67853c2,288.6313202233867
0x2b95890732184b1017cf61cd92b0e42cb8b3ca17,287.8154208006955
0xae338a90c3c78f3602d7b20d3f349e725cea6c5d,286.5759310611463
0xa891183826af953fbc321aae437889544324aa2a,285.11207269496225
0x7d98a5c6f9fdc9402fff5b891a2783543e35a258,283.3830776196048
0x70867141d70b948420b2cb380b36424a235875bc,281.05710870620703
0x041cc2266ae38453082b5dcf243b9128ae9f6aa8,280.0
0x666fb54d0811533a652b07e84a9649b951d80952,279.24745574091924
0x268cda3b83ae974f57fffb3b3104aa2326bbd620,278.3545286021914
0xc82d062c8dfac9f0983242a9b28024279af7db44,274.56856438020753
0x213bf21717aee5615aa9fb8837c6ddc955cf724b,274.44536675291437
0x4c6e93d6b5775d9c7e1f74d622475ee1ef560cba,274.37924777218
0xe0fc1a8cfb7de023a747033eacfce0d5733eb472,270.45073732511605
0x8335459a89a17ed8ed128aa98f9af86802dacf30,267.33150892912965
0xb0e83c2d71a991017e0116d58c5765abc57384af,265.94407457180836
0x71355e66c3cb3bfc226a39580e9622bdbbfd8361,264.99999815111966
0x64ccd6b5b6450a70104d24ff81a27f538fcd7940,262.83435466174603
0xcc5013d9e5d99b1135271a07fec878efa688854b,260.826659997065
0x2bb9f760473cd2695301ab8cf06931d61f0bd4d3,258.8856398942767
0x8b327ec2e337f0085b3c1435e84315e752cb5425,258.79272350246885
0xb574463ee781a52e3c372fba9788b0d976a89704,258.5948651352448
0x37de7492021fc00797980b1fd05beb3140925a73,257.0734288230609
0xbe62d3d8f77628990974847c3b79098f187fb61e,256.5434663472422
0x416791680363196e34519402938871e51d2db10f,256.42308135603116
0x76c4cf20d517774a200097656874d92e82a12209,255.74260337954988
0xbc20ddb5fcc8920e0f74fcb29b4981d802fef881,251.94198501110074
0x48fb55ed1fb62ed26274fb805f6444bea97c1f28,250.29321348667148
0xb98244bcb2840c33c1b3505fa25f02390a8c632d,249.85517470433763
0xff4c311e028ea6dcbf8301e37a009ae749a11108,248.59919364136226
0xaac43e87fb35d41be691595ef5acc9acedc06a07,248.18658251812803
0xe7cb199c63688705a9fd1963b41dcd3efc598514,247.81725355166927
0xa88fae6ba6185e12861ed67382fad9ed110d50d0,246.9441275105027
0xd1fcab35033c962e0c0b479b12940ffee9dcc1b8,245.09789691600537
0x1acd732f430fe43814130d349715f8829ad65536,244.89795919
0x56a7067ec64032215084d6b0e663cfd3c4281ff0,244.297729826966
0x431f554877369c81ef35ab6ad39c004f21ec6b7e,243.2383605449109
0x7b6003b6c6ea40901f184f6962e73d6b5be5b17c,242.36521446649743
0x7d1080c17f42a8bee86f1939b274b81d5bcda53a,241.01840005134292
0x5bfa7a7951b182ed83ee819a8ab4da546ed4a493,240.41445761835408
0x9e67e0317e0d904c11964f141122e1f77e918ef7,237.5
0x654e294458421e5c6d533e1ce3a1484206bfbef8,237.5
0xae3c67b8aa12e458f2b4eafc0e9209710582c9d3,237.5
0x0a9958c2c901f97d23ef41980a2a9a4eb5d9c122,237.5
0xd8fbb76d51fcb06d6d8dc29d0d3d69d2a6f41b0c,237.5
0xb5f36c27c64686761873e7cf23b4503023327a70,237.5
0xaa01dec5307cf17f20881a3286dcaa062578cea7,237.5
0xfabd882c6638939664a7a79a0cd4e139094cfdfa,237.5
0x9ec6ee6943b0fc266fe86539060e0b527db5b3bc,237.5
0x13dd4c65252274a442428039ae815f3a13e84ff3,237.5
0xeddc40555769e0a4d6e00ff55b9d37cd6ed8c3ce,237.5
0x86a0bea00c6daa666abe9d6c6b4f18654c3d14a2,237.5
0x51f4e96abf315ec7597cb56d89637455ebf60f4e,237.5
0x52432473144056fe91aeae9240ad21e6b8213440,237.5
0x975779102b2a82384f872ee759801db5204ce331,237.5
0x0b2df028c26ba1f58e6ea282b2a1d515d99ae282,237.5
0x20e2086b6e9a3213b3b431f277a327a34e5654b5,237.5
0x413beb2cfd791e283cdd730d817917a251d50eaf,237.05797972617196
0xc44505d1111ec42279aede122a77cba17359438d,235.68603361627288
0x7524e8176b1b6ca1dede787502868e3234dc7db3,232.55661485280422
0xf696006bb0115ad3ea09e19f2488ae624dfcf380,231.51322828681336
0xa1c0c60330cc521ca4c5deadfe145822559bdf0a,230.63043266246214
0xb5a125cdb06c0291b88415d333cccc93c1e1b3ea,229.70691950864762
0x6a31441badaf4e9dc45ac234d60532201941fc3a,229.56789115870896
0x81a5cd3ab89e208070fb4bb064f83a5f73286106,228.65745694848243
0x86cb1ee18df741cbed67a663aac45abd3e2f01d9,227.73089212903653
0x0900a13fb9382c6668a74500ccce70eb96385e0c,226.26013378907018
0x6a1afc8a229d820015361da64819e64e6a0258f9,225.52806432938186
0x5b955bb6a064d2123f9dc2a5f33a3dda90a9a218,222.89569453597863
0xcb9bef92141761ec566cf0fe091fb58b8d58bd52,222.1004635619255
0x443eb1f18cf8fd345df376078c72e00b27e3f6a3,218.73400701808637
0x68f935ca67b4135f62b9e7ba493c8cfabad34de3,216.40460278641476
0xe3313b4f780a7bc31ef85fc3592be1f3c9589d19,215.45018353986907
0x1e39cc29009ed4760c186d8771295c1e224882d4,213.75
0xffdd73db0e430bdfb832016fd5066b2420ce84a0,210.4572495840442
0x342dbe30830a152e9493905372655d2007199a9b,209.09070312985705
0xacfb8ad9ccd9fd9836f5e68599e72c78b16c54f3,208.52056394128624
0xb22a4f377eea35434f537f5b4fd977040eededb5,208.3692422885219
0xbfaf4f645c00a5b9b0bcc63a2a2cfec4325b13ed,206.12740180022354
0x66a67b259ecc53ec55d8aa45bcdebf3109a4738e,205.80691182687903
0xb2b80bc9db4aa0a07c34d246a44152becb827103,202.85859229953928
0x7cc0ec6e5b074fb42114750c9748463c4ac6cd16,202.08632514339138
0x954df4c3cfa63aa0e7b422884fbc0569460b794f,202.02315960142687
0x0e64cbca254788df4a8d29e3721d077d91d0d92a,200.6190438547537
0xb837943b6879579640285a20aa9bd34bcd548134,200.00000083906178
0x0e22db10f92e718d4ab6fbf127f75f7ede2f61e1,200.0
0xbc622abc50bd6155e0ddf32b80e7a5f03bac4103,200.0
0x06899b851e0cc9b1e9348c0e985e6c5454bbd889,200.0
0xf0a25fbbbc743dc5b7a843b7810919b3b5ce0486,200.0
0x5dcd83cf2dd90a4c7e1c189e74ec7dc072ad78e1,199.59963156232521
0x99105365d51250c71fbb0d59113a80996b301cbd,199.54038276928895
0x5d282a23c6ab3c3f5ac11c9edc0934ec235709e6,199.31562743435114
0xce81ba8c9e725c879f24e42a5a8ab0af303fa9d5,197.3462719631142
0x4082f31be15209eee22595c9597942f142045eb8,197.14267042046703
0x1955628a4992f2f25936adeb54ba14132f690afd,196.03109298657833
0x5ad9a1df83b3dcca467e19dff7f53b0bd0ed6974,193.3739754608795
0xf4e39f8a73eb343cf1c9ff7fd1e3746cc4af05a7,193.3512519146617
0xed24d5d6377b090357f6a73a3e184037a5f176e3,192.99758149797145
0x4d0c5acfb9c448cb5dd869d9e6e5697aa2a12ec5,192.9373491527954
0x8841554c6798ade7f54660574c543edf9b2d330a,192.7817579038424
0xe9914deedab4a850ecdfa6a4f4dbd17980ee85ed,191.81692989706778
0x0f1c46cd436dbb506823ea88000245d9a2e0cd55,190.0100182229473
0xecb456ea5365865ebab8a2661b0c503410e9b347,189.22532408032137
0x10fd32fd1932321b8adfa91fbf6dc126f773d655,189.20583389604258
0xefc7d9e7e573c15e19ef8f35a5c2e007a5960454,189.19167903124674
0x77fa9c28439521b6c4af6cb6e80ff5ebc23166bc,187.64471672122272
0xf0ac737fe99d8abfd0e87d994c4e127b349b443e,186.47474571745525
0xff6368422ab53d91e69173ffffca413c5f625e1b,186.32351932677065
0x4e37c68cfa4edde373185ea7ac443af89a3b8c98,183.24472072600892
0x6a0d8228ce8af2c2ea94f553054e87cbc31ce120,182.46398414200644
0xc0b53221a7dbcbce68441c26ea4da73266d6bc20,181.20216323407368
0x92cfc1c067ec6259b9019ce897d9035a01b1b750,180.0
0xc9ef41fab50f829ac71ad52176dfbf68efd9a57c,180.0
0x4cbee0ce7a6a9ecd0187f40f33fd386e44ed48c8,177.40432631969452
0x382ffce2287252f930e1c8dc9328dac5bf282ba1,176.48338460095246
0x5620562c0c0acf79253416af3ec441f416180f2f,174.85503284749709
0xbdf40efbfc11d26ef97698c4b42865af85552139,173.02721791888035
0x4f8411d026807fa082ab7eafea0c50a46f439ba5,172.0
0x299f03170913b4fd3158100dd5e5cc97fd0b0967,170.54569762543602
0xc663d040146b21fe6dbfa9be228f44ced02c0735,167.37892455014216
0x1f41a778350f819a686625b506545242d1fcf418,166.25001428619169
0x11da9ab55b7c59803d0e05b6550ddd0c0500430d,166.25
0x6a83ff073908bab544e927e4db4098f9517370ea,166.25
0xc00696aaa55cdd53eb25e83ccf23552db5004748,166.25
0x16fa726194455920044773c075fb4e2b385e337f,166.25
0x28990952850fcbd63571296fd32736f78c2ef471,166.25
0x48cc769891b1802eebb4dcb2d34cdec962598fc6,166.25
0x252e755372c1ab3392443e5056cc6c3a85aa5d6d,166.25
0x54dd9c997ad6dbd6678852f94371741f07e1bdd0,166.25
0xc6da898a7fd1f40ab32f6845b7c289162e9147e6,166.25
0x502f07431c5b36b5b26edb0a5834a4692f04c096,166.25
0x08716f1d4aed5ce17a385cd47006a6a6ce6966a9,166.25
0x6ce619d11a0c2a9a9ee23b40394efd3f4dd60ce1,166.25
0x514b1861561fddf86baf8462e001a1584e1b7b83,166.25
0xec0b9922a0529af362a13a6124a552c6bb643c9e,166.25
0x8cc8aa103bfe1cd8755dc80c64539370b587909f,166.25
0x0000ea381ffcb4627befb662bc8eedff39ad0000,166.25
0x2de2299db048a9e3b8d1934b8dae11b8041cc4fd,166.25
0x00e2cd5597c1253ef1460e3ba2d89186263875cb,166.25
0xe57b5538ed089e9376851c639598859aae3bc9fe,165.20410188706992
0xcfb3095e7b53f38a2400309249a0619b601f0fb4,164.3520441665097
0x527cb89984a4d3e9aabc731649f2491b6e3af557,162.39302545053772
0xcb84d6eed3e814f79a1bcacacdfaa8f5f3e3a03a,161.64574719740432
0x818b84cc4c3012cb6b36bfb627fd82438718fc7c,160.73627718728335
0x00c17433e7618070320ba4482264b748e938fcb9,158.9430517392328
0x84572c31acdd30c03982e27b809d30b1efbcd8f2,158.53519173122723
0xe6ea861295af4e0d0d7f331c7b950f7da3a9d265,155.9288957323994
0xa02893606e1867fd5b8fd5945e8c5539476a2042,154.1251290742016
0xe9e9bd78c30e6b1b5a48cfad6ca65fa728e4eeef,153.0612245
0x2581ec5a7796c16f432b0b3fdbe013453c32794f,152.65970282735483
0xb1720612d0131839dc489fcf20398ea925282fca,151.58744537270096
0x176098590e286e04b09ed60acd00226d7aa62e5b,151.49083520052878
0x7879cc2c7194e88d702d04bd08566d14849a12bf,150.75353748335382
0x329bb9b75deb8285aa1ed58e151b319547de0dc4,150.62298608589273
0x819af1ddbde5813a135b2d8eb7e6987cf7972c87,150.13847252438336
0x9433f1e629e825417beb501b8926ced1114e70df,150.0
0x205970c836cffffaf43bef3642ca371facd2f93d,150.0
0x19ab4a9a5b0106116302c0a91daee5b0aeb15f38,149.24463148985464
0xee98bdcdf20997ddb097ed4582efed9de87739fe,148.8652196966749
0x0403ffed505e4fdf9bb13309bec69eaa803b06e6,147.90907407421457
0x3fae23168f8f8d79bf3d24cc64bf34f2399b8715,147.4993860408066
0xc5e1182c5a0201e64becd272e6f891e6cc7bf28f,147.49497566708123
0xddb50ffdba4d89354e1088e4ea402de895562173,147.33257964958918
0xfe928ca6a9c0cdf658a26a374b7373b9d6cefbcf,147.12923582250718
0x76945df4c99a97606d375c1c2e5aa7586ea44c68,146.37942498955883
0x4efd734e01f46610c14887b21a4c5bdb3d2506e1,143.66873095091842
0x5b4aeb1c75d77a80c7d6fae8c326b91b690edc81,143.62484008967786
0xc8353eb7a87b32dca33f615ee00c5e5e190d5797,143.6019090603235
0x861aeb61bba6ec72f88f387203cfa99d13b500a1,142.68809275835994
0xe223eb5a31ab3b5fdcf8574189a6bfd8d8962f0e,142.58948144026115
0x0b7d3ae92b6f4a440bacc4b9826ad2b4c35a12c8,142.07697639545557
0xbde401afd43e1c7a60cd2cb6a249be37c98b895d,140.23984664950748
0xe73dc63ea4eabd647d80809cfa18dd5741cdbee8,138.95906043825167
0xffd91d21aada737a54902e5c09f4af5a8e52252d,136.49008724255805
0x548064821d81ab39496fb1215a572566da76486e,136.4515597821849
0xf6686f83f67efe605020dd545212a881e0a39007,135.45249127868482
0x8433253f49c835df5782abe1e09e113dd63e5b4d,133.4580421005601
0x5e0e053e77576ee40f05bbe6ca95481e14b05f76,132.0272261055987
0x9008d19f58aabd9ed0d60971565aa8510560ab41,131.57457609773772
0x0e86cefb2d576e93ad13aa43227dc8915ad84b23,130.6135362584565
0x94a292203ee7e4352ce9109913d91aad49d70485,127.42701369078797
0x7000ac1fbeb346692878cec9e3823cff0d782b72,126.45333583704692
0x30e11817127f5e530ec63c56c41190d3ea566b95,125.06222052620174
0x63485d2a6ab6a698ef6d4c5547ab0b756200ad11,125.0
0xe544ab9248c552ef94657c85b185459ced337e68,124.12885465337186
0xeed83b49997186e2343efaef9edac7920787573d,122.89697824688572
0x284f3d1590e9d42a009c883dc301c36007cc7041,121.46974829848835
0x84d99aa569d93a9ca187d83734c8c4a519c4e9b1,121.09066887499756
0x8431315e0c4236841594842bc8425f0073044667,120.60285343959413
0xe80f9a8cd06cf024a55febeef8cafe4d132e79ef,120.0
0xfabdb57c6c35201b1583120cd35131dd2abc04d6,120.0
0x4f951dd02f8d1fa6c9dcb4b9317c10311be497fe,120.0
0xb5a44112a6025330d2e8f48af6620b64b6f5750c,119.3275115839704
0x79d2584a48aca12ed120280e8c1bece04d2c96dc,119.0452179020582
0x38d1dfc5d7abb5b32888499265dad7786b10fa7d,118.4407090018284
0x218955960c005958b1d2e4d6292d95058dbfc085,118.33223471922729
0xaa24f290ab684d995ba45805dcf3a3cdbf0d34f9,117.85028
0x3bbf8d701f5356ea9d75f7a3892972b27d99ad47,117.71753487087017
0xdd9f24efc84d93deef3c8745c837ab63e80abd27,117.33545754109021
0x4470e767ca1fdd1469a8e1e5d7592c4097065402,117.01983454606815
0xba9bce6805378a6c7abe71528a1d72ff8ab45a68,116.37700387779797
0x3b3d1a95c51a8a9c59b6b335e8bcd43e01cc4135,115.18913947120654
0xf68d2bfcecd7895bba05a7451dd09a1749026454,114.7132803149186
0x4bf1fbc233cd6109c35a4cd9d34540173af3234c,113.81607860599014
0x55844a810d4c72aad5f09067578ed1b896971491,112.59678200746325
0xab3d2e2172e5968a64ec2bce29f59fafd8790e4b,109.92510098456363
0xb5744756e0c6916e6f31438506674f8ea59d1059,108.64932739920611
0x44f8bcf26a597435197dd6d00ed1be266ea5567a,107.15871319471601
0x8679363d3ad84555c95b6e7f0d9f38ba5df5b32b,107.03370079453215
0x4a2d6c5f5af43d46d87ee1ff719bd877d9bb90df,107.0
0x73f3fad03615a9c07fbeaffac220a791a734a67a,106.87214525053432
0x05cbf61ed03fe523d6e14fc3e49cfd55b0537fb6,105.41051511810996
0xe5b1fb66ed888fe5a0f30748248aa026a61ec480,104.47014213655798
0x270f2d457ffa8f362c1f9b58e9ce4902c3809bb1,104.0
0xffe3864f228e6994a979368e483b4a3e4c4b7871,104.0
0x94811c6f7694760963d01b512d7b890ea3c504e8,104.0
0x6877fdeac0d0d5d61b4ca3bbd42501a2ff02c144,104.0
0x7017d510360a4878ac9045d2a39f0098a60b901e,104.0
0xda17bf078ff538a65e170bc9000a3108cb183d99,104.0
0xfbb4a8e8caa12fbaa9c24d34870769d0e981e271,103.46269507015
0xc8bd664f23edc9aa32cd1b80caa8de9b85570d2d,103.08449363159481
0x3d6b617d2c441da58d4c215afcee6504274acd18,102.8338860200881
0x91ca734307c82a12163f48cd5c375f0a5ef45812,102.52140436619787
0x46bb6917e06b8f02cd23668bc28d67d9d628d26f,102.04417753219604
0x1924e8f3360a5abfff8810a6e6f98dd824274cea,101.99849144004989
0xe0f6841f9e1ed7d1129c41dcb14e00e1339707bf,101.80230215976998
0xb738bd4f00d7172c17ff11f6f35494c96c16b3d7,101.25247205430514
0xcf50c6c569b47ce30343796ea5ac28942e69fad7,100.99848001790114
0x828206d8b8538a322dc3b55d8c3614cbf6402b4a,100.0
0xf0d0be6ac03901d4d659005fafb687abbd2dbe91,100.0
0xf4fec5e09ea6d2921091dff24b1fd1fea6f1b682,100.0
0x4194ce73ac3fbbece8ffa878c2b5a8c90333e724,98.81708470098681
0x1347f4df060e5412ec886746c36dda097ca72f36,96.53185823936914
0x516fca170bfe24bfc54e01f215ef85fe9b5b798a,96.14562036112962
0xb27e039171fe5aa5883cb768c7108877a5ac6836,94.01783125195509
0xe28f4d644942159dd5b46d17f63e2b142ae70ef9,92.71622125027451
0x527eb52f647dd851d19fd97c25a740edae6fc5d1,92.35962602685697
0xa50341f5e72ed061cd0adbd338cbf070dc45784c,91.83673469
0xa6659387d2cc8134791c5113b153c737f013126e,91.0
0xb82f45a2ef5719f806cb49c0e10c98a3fd44a580,90.04488835253193
0x57753d4e60af0089204e71f4a6f2bdf1c2da8a49,89.92144546705198
0x45e63d85d925ae04e37681c9ea9bd2c0e4d67fcc,88.0
0xac943d17388034d1e41e29768b3acf2118d9aa50,87.65766600900797
0xa7022bf9785c7328532d2696b7ae3204f313a7e0,87.62939145063605
0x797980776e55ad0f2db45bcdf7a6428394793cd1,87.22557566837223
0x9351bc422b0fe02c2fd9ed16019dad568f271a63,85.91245007379241
0xb80ada95cc9068b709e8c76fba796f7c4b8cde8e,85.54865397069419
0x0da928516bd72381ab0110fa44d9efe9587e972f,85.35642721043043
0x85373cdaf703f75465c6d0e54f2530191aa6c448,84.72694745214294
0x4ed6dd5029610690d2abf590437c0a9586dabdcb,84.28906623275043
0x594688411b012d45f08f6c1fe28b79787a638269,84.00861700516151
0xbf99e2439e072ce8f6bb8e119e6c6149aeabfcbc,83.73283951455085
0xf5c8b9e099058e5d07bb8a0adbcc8557a4c2ce9e,83.70899622266285
0x7432d3ee6fb2d5aef1086ee0d1a7b0d4c7181f45,80.46690909882321
0xf5be55cbbb102ed3403a6907dacd1f90ea584e7c,80.19529724121095
0xde9bc027d35d6b570fe9b65e86ea2073fc2c6c8f,80.108
0xadd2ebb9ffc66cfbb3517241dc2fed93358e14cf,80.07910980007513
0xe64f0612999318bae594c8e859ecf2f363bd6386,80.0
0xbfc4e33fa2c2628bd6707902ada2457fbc6222b9,79.95469627727923
0x17bf56c4b9458258c173f0b93d79938738211313,79.36500193455291
0xc4d57904c4435a9348b56051e4dea6055d85a6a9,78.75
0x34cc54f3c65e6e6cfd1f05e2ad0540624a5eff24,77.14443959365285
0x4d6ac601bd33ff1e05d31b7427f3f35a621789a1,75.96267995262981
0x4d588b27603d9b8fe28989a2bbdf0df2cb7dec56,75.93986627131592
0x392bd4b4d4dfe5a3ab4370e348f90d1d508285bc,75.03953265910792
0x9250dccb32c94125326c5e4dc3329dccb2d804c4,75.0
0x98826e49ebe9201fda844940929edcb2497b5763,74.92481750968055
0x63e7a104bd5c9437a4eae0c76ea0dd4a654bf616,74.7850837830862
0x6ec886efcbf5bd5f477c54b773e14d370021800b,74.15602084738275
0x178689a02a03f6fddbc20e40fe90487906aee39e,73.7595064334506
0xffa0a4ebe21235efc0d083fc453e927cb2a5e768,72.8128900771619
0x8e4fd0a080818377adef093d99392813c3526298,72.0336672689
0x07bbf9fdb156f298bec53cefa3652954a0738ed1,70.23926434888782
0xcf5540fffcdc3d510b18bfca6d2b9987b0772559,70.1243994913452
0xef5ad662a5a42c3023e009035ee235082800b924,70.0
0x2cedd5bd2153ae635609905f3374cda6dcdb527d,68.79617520140518
0x10bbbca51d15f519f373876bbdd87f710a42ea31,68.44574478015645
0xef89060245fa4b73500891a6fbb33fac60d0458a,68.12658688885475
0x510a1415b7cb464a46793e910c8fbad715b72394,67.27169000404014
0x260279f4722930b9a2b98ddfbb86b14cb4eb10c4,66.74474993227429
0x4b4748bc1f4b934aa5563668832de8c9f6f8d9de,65.79524169678218
0xf28b88643b778be43f58060a8750b3c75995ed69,65.28925228436096
0x0b6cec1a4d4d0c1939216df0be66cf62ab079fe4,65.0916857936107
0x7d0e0ef8892c950ce3da993e48143715914bf13c,65.0
0x516575b14c5b72e147f7f6518a5c19e64ab08b9e,65.0
0xb7dd022d7811cab41ef532fb73a5ae4f0eb3f45a,64.0
0x594e25140b6c5d776ea459ebeb86efedc12e38ca,63.473439646577795
0xb07a80809e1946f929c263362644df1faa872279,63.008153314320914
0xc2b6312949c53f1f9db5623602c772c3d2286f60,62.462014135466966
0xc5452e02b7617d0f1ac7102198589d561d64b40a,62.41709661501393
0x0e2a1fc1a60384e9a5c1cdbe374c2980b01481c5,62.06813490086406
0xb902041e6e4d863053ca7ff1449ce9c31addc11a,61.756646473062794
0xf1ee118244962d46e4bdc3bc20910c03fac125b6,61.2244898
0x00778698bbc902543b596af6e7c0aa13b614162d,61.2244898
0xb4be59de703df0152b03b9874ec0ce4f11df3168,60.29126032716219
0x5db5bee22a97309ab3c5977d1f12ff7f766dfe67,60.028800212598114
0xdd6eb05031c31d01171eb9cc8b7c586f4961592d,60.0
0xc21345a76a03e24f466a97fff5160c106fb90a0d,59.23441637837745
0xb63188d98921f0202b218ba95d8d7f9e63327b91,58.77647759646173
0x94d76e22b562fc6bba6846a0299807f22216c620,57.54403495825723
0x68edf87f2c356ccf7b94d8b9bd6b615ffc485a92,56.915988700664116
0x8fdc1c89997c0e26e009a72cd6b71d5f07caaf3e,56.60712720242702
0x130e719e3545965d69bd1fb7915ee4f811603138,56.323824757584234
0x220a6cb04d48ca2c33735e94df78c17f8b0f7c9f,55.92775012340861
0xec5fab9309caa2df6e4ae1ea6fde6b78c770b69d,55.505084861378435
0x18f768455e7f5fb09fc491fd86bcc282bcdd5973,55.48235710855839
0xff602dd1a179432bce30fc763d1d5e6bdc6f97d2,54.776530980071335
0xc51653be3103a5275bf4dfed2b688a1725f3ab02,54.69895851155083
0x6fa2262e3321d9f1fd0ef7dc68a34e363e10e2ad,53.75837400938532
0x000000fee13a103a10d593b9ae06b3e05f2e7e1c,53.20080287151627
0xbc147973709a9f8f25b5f45021cab1ea030d3885,52.897029815726675
0xb8d00f5d0935aeb1d8a7d1a530bec3640374dc1c,52.64046442007703
0x05ef72a1b4d8b90138941d7db4a218527eeb1d9b,52.4334665853148
0x7002f9928f4656de72d90e20efb6f33b54529798,52.06302702155462
0x512a2ec347f72f14a69046f79465aa81d44cc06b,51.64571236854877
0x344a821f89b71e96b7e2f7af5a42d45b474d041e,51.24019590212782
0x0569a2073a5c573d9d41010f801834ae9848ca3b,51.04322768903331
0x081e82863db076c1d1abfd034dd57217b3c685bf,51.00695408760102
0x203c22d49eb331476c0f7fa7fe3cb316347ec00b,50.2586121711144
0xb2f6129b4b2fa2061bbf6d136bee016a66d821fb,50.0
0x6104a3a414a49ad7fd362a50e38abbd4ef0dd877,50.0
0xd1a9976dd60b647ef608b44b164fd0ee4fe01aac,50.0
0xd6e26c71d6f3547db6e8f4922ade5476c24b8dcf,50.0
0xe64309301c49e77cd73596977ebf0bca929c406d,50.0
0xa6569df464a11b9d37395f1f28d985f320732deb,50.0
0xbd6de585893d21f91a9652437491303108332d48,49.99
0xaaf9394b0c71704f14347c330be6d3b0b5cb5493,49.68764699320381
0x3c1df11bcee2b1e3b85eb7de5e3f4537fa46b829,47.76471133936617
0xe789c5566b53546d46a0af48a4bd3f062d1fefd1,47.63190235809672
0xdbfd4c4fdd2531f29174a3ac532770051b7eea55,46.21962403499864
0xd6db33c1d89ce8a1075b87ea3e9ea5abb2ca96a9,45.602357385278324
0xe9b96299750b4354b5c033ec1eec6e6f3a2c18bd,44.41635698783422
0xa7adc65167634fda790442571fb91051a2298e68,43.865201959887436
0xbf013cea23b8ab8f3999a3978d885a3fbaece285,43.84745954887582
0x944fb2f58ed2c2e8fd4d9bb7013f262875467da5,43.67469560746238
0x5ce055c8bd54e9470b3c26b61d23b7155ac1abd9,43.472081317688016
0x71916e5a77bd9fde0a18f5a6a62a31756534d53c,42.72728509693737
0x7303a3f4ba20359f4f805ceab0a29b1dbc96c467,41.69127245160964
0x2493773601a6bb08935b264dcf7b43572bb1e786,41.210296
0xfe270c6ce07f4f92148a54adbde568da3a04a787,40.72401568531322
0xa6afb0132dfc9edd65f3bc690fe54a1714e7eb4a,40.572604224036716
0x4fac583600110524a4c65eb0b913869bbb167b42,40.48675025067986
0x007565a945232d3c434fa5a20e691764702d65cc,40.4416254876185
0x6ba9e2d9384b01c8df229e1332d6751b2af3faec,40.267384402267695
0x6ae8c2812447c23c8b721011d40fe1448e1e64b9,40.0
0x84249c09150005e54a0afef7e40c3f210868803e,40.0
0x580106201646283d0289e8251d2d2eff8e5a99de,39.4731282457567
0xaad4a4a165ac449b59ea68d81b97f1eaf314d501,39.275437852435864
0xa4ff74f6c1b86f2487a8b089cc2f599bc41f0ab4,39.230981906500794
0x928eed97b167cb0be2a67c8252c62e18f2ab284c,39.129339408590646
0xfe9e9c78039097287965a6b5702f092ebbb5dd81,37.295669456687165
0x1290089b4295e0cd7d5aba0eba1a869b94a19387,36.86171788675676
0x0dae5b404959de846909c54ae184bbd6c43941e5,36.648012019731105
0x293f2986b027575fd7fc337465920185a5b9317e,35.82686083664906
0xe171e110cfe6f658c4421c2da4c86e4933919de4,35.48262910632633
0xdbb6a967fe0eaa6ed805b8d4ff5ade173990b308,35.33437309183837
0xfca9a5c4144238a3f7d407a760d8123853647c82,34.8302763355884
0xaa130e5a43cadbe2eaa4e58ede61e39874e3ead7,34.82299175307467
0x4989bebf76e92a48d84ef84cda06113e8e8a03ee,34.797571607871426
0xe7b2a30ac88dba9bd3aa7ec2c9527adbf819f55f,34.707127116404884
0xc8c0e780960f954c3426a32b6ab453248d632b59,34.690173935792195
0x21b074cca6b9ab6f76a98beb5c86fff9fe914fd1,33.86203180387216
0xef13101c5bbd737cfb2bf00bbd38c626ad6952f7,33.750021420031636
0x424b83d8d10cd5a9ab67de90ad65c56afa57616b,33.7371893813296
0x078175a97ed94f31747c075e016efa29b25138b7,33.306792093834574
0x987bcbda15bb52e7ec4f08c2960ae28a200c0f07,33.094740354928994
0xaad5bc7402b1d45b07d8466ca57bc3594839af50,32.3874113227363
0x7d015a194052c4b0086ada7d798facccc1150663,31.89872807734304
0x5d29b68aafb22c491977eacf7dfb1661d2832555,31.86383345425854
0x7a48211d73e3269d4278c2ec3e05a066be8164be,31.858775650235398
0x8b6860f53287b814045f7fcf6d05c356441c142a,30.50011225000295
0x125530c27fe7ebbb668939af9367a1047516463b,30.363126270669166
0xf6508359d3f2354c5e47e9e66da023b3da813269,30.19424514780262
0xfc356cef0467ad4972480835006044da2f4ca2d7,29.95789939696978
0xf124a5e454ef6dcefd467d53d7617a59c1897513,29.658616870616346
0xa1336a90b288715cce8bc4d5624c9526e0751b42,29.42311133916671
0x6a0ca80be6f46965cf48ec5175e8b168c0159987,29.218620129626533
0x9b9d856b48864141924c4d92337b0d3445884288,29.025230279657
0xd8929472a97db29867fe5c6f18922c24f59a7a71,29.025230279657
0xfefad08aec94c056782bce94a10a9509e0e05b93,28.943366790034727
0xf3adb56d94382c50ad9d221591351d8a7cc9e1b6,28.54201630550486
0x777fc8c91cc5eaba268ed42a0794e31d27952db4,28.284732635169284
0x9759241f23fb3d3606612f243784bf8d47b3788e,28.10736725777937
0x033c8fc3e337aaafac42a0911c4100b9d2220b70,27.90659428560442
0x4052ff30b649dc85499b4a69864952e9c5fe22ba,27.850063675632637
0xf3521b4b8ab0d8ca00c745c9848e2b078ab36e60,27.570542094532637
0x59cc24610302df4c162dc5ab9fc16d3c141e49b7,26.99146521858227
0x8c28e27ff51f17267f0ae9b478dabf549be7d946,26.1227072516913
0x83e84cc194e595b43dcedfbffc3e0358366307f1,25.83245494889473
0xd2839cc657c9360d9655fe279d3b65ad85f63e46,25.0
0x9aae69f1df097de557048f7e01c03a24cda80cd7,25.0
0x6ada4e93aa63f395a66444db475f0f56f4f3ca4f,25.0
0x80010c99c599752f16ede8d5ed96e5944ff18828,24.0
0x17e1cd75bd1f838821c4db32daba018d17382fe3,23.712431503417264
0x953f55eacd3f8c6c9cff2bd95ef57aa2bcb970ed,23.535320546463623
0x92fd81e234ab2b9fd4a063bfc0ad8835b9520b74,23.0
0x6512913f96cdadb71d2e6ba8a8480cbf9e7d3a71,22.854855606795166
0x55c2ba9aa39c981ec01e154515ec928d9ca0d7c3,22.809489096145224
0x78bdec184f2afa63569f6be14e959fc40576041e,22.76223343428809
0xb073cb60fb6120258532e727a5bde48f8a363b71,22.460725217607
0xc0fb9e0dcecbb120275eff92cd80f06c66c7a4fd,22.241119281641055
0x68657bc426c7f2147292035acdba03c0817a6dcf,21.73226953436815
0xf2c21c52f356dbb00b136601f8d394ca43d26346,21.451868489092384
0xaff28e4dfc21ffd0a445d41b93ff3b87052c1d81,21.396136904615222
0x6583c05d4b6c77cf6928d80e824ac3c4ca79142a,21.34851234438837
0xab5801a7d398351b8be11c439e05c5b3259aec9b,21.308495388014656
0x4f82e73edb06d29ff62c91ec8f5ff06571bdeb29,21.08587553747307
0x0148d503383af3d42eb0a5ac8336838000e687d3,20.47469362821199
0x0ec32e8828ed4e6e83dae6e07250b2bc85e45f53,20.08591031801649
0xbe1d583f435414d3950830f89638986caa72f461,20.01127759773967
0x0bee55ddc8b3f7555ed40b66f9ea9bc12ec02332,20.0
0x1a0de291ab3c312500bb5b1fdc7aab27ee42b82e,20.0
0x81b2a91ec65540a879dcd1c9da56ad7d036b8b1a,19.690715530754197
0x3979a63548e58185580f8785eb21d8ac387d7c9f,19.13534161041444
0x59ba97baeaeedd7a2817bce717baad804daa64a7,18.997340465666348
0x56172e26aee752157ee99a3732168942b7aee956,18.729040767293792
0x63ae2f97165da3ade7cde4d70a71bb41e22c3835,18.308604907716095
0x2cf3213bf801a183360df6931c31422b33566a58,18.025112337181678
0x343afc9bc56b4bcd04b22986d2650e098f5780d9,17.92003660108436
0xfb2a52012f5e757ba748d1f8d7f582b8d1a613c0,17.170450399812328
0x6955c0c0e0b43315945ca4a0da70d1fd1c4b6f48,16.845956679214453
0xbed5e2326a85af7a3bc501aebc2756c9d6c66249,16.69958237965388
0x45df01b8b4bb33b6811fccba5b5a79fdb1bc304b,16.63444944947621
0x50c491ffda25f9e472d467d60835468c522e7d3a,16.547987316705868
0x7cea8a6da079dc7501d4eb2bbc937e70a2764cef,16.397320883988062
0x7ef001e2627d5b9016503a8f62f5188db69c95b6,16.109002805209634
0x3a3527d6d42cbf93be397e84d269385a428d2b60,15.346972613710932
0xc88eea647a570738e69ad3dd8975577df720318d,15.125481618044432
0x8923d19d78fccff88e5e06f17476b55c2578fa6d,15.0
0x1a3e8de7e155fd91b7b3726ee20498762756227f,14.984152799934304
0x10f920ffad95f53168af567ecd635a6dd03a8b43,14.5126151398285
0xba00d84ddbc8cae67c5800a52496e47a8cafcd27,14.5126151398285
0x47eba7cebfaa71d25a129d1a7cabd42d66f3247a,14.009290592822794
0x8d03635c0adf3501ccfc69e5cefd8ecf88cadd3c,13.970643675961972
0x2e112c7f695308d50b0e0a70b635e2ae7f777049,13.662202768669484
0x7d1145a0e8e2ec94050e7187c954d6cd7a783ca2,13.42522
0x225fed86cbd1021ac1513a3f992916ec958f6e76,13.103666638014372
0x678e3d40efa746f3e9ddbca5b5d26b8640a2cd38,12.658942216727269
0x3328f5f2cecaf00a2443082b657cedeaf70bfaef,12.644208877465758
0x36b4ff2a2c79545353f0888090a68a1b79202ea9,12.19059671745594
0x4087912b0a80c5851cb360b541d869efd1ae6aed,11.60539893755663
0xc699a274f425b7982186065409a95b117be2fd83,11.303147611687994
0x649765821d9f64198c905ec0b2b037a4a52bc373,11.169432238593659
0xb0a6ff3ec65846b7b1b083cb4c28c93737241975,11.094595665646434
0xd392d8c659407d75042dbb4d2289af4521c3b50b,11.019421953949237
0x307e62d8c7eaa6d3cd9039105d64b40da9970167,10.827057756589573
0x75e10f8fa325ed8a0f7cd92ab959427d2430675f,10.0
0x69bcd48e05a6efe968cef41fc778f574741924ff,10.0
0xf1c52f112e4a31884f55b61db49a1355b1d7c72d,10.0
0x65a8f07bd9a8598e1b5b6c0a88f4779dbc077675,9.759688511433385
0x0ee4e42b1096530f80a589cb13461930704517d0,9.558779211185833
0x2860b0dafa49adcf45d857eb5e6c353a9a4b6626,9.093072431744929
0xfe775534e01f3f67466bf0bd2f99e158dabe2335,9.053386661645973
0xf64416860e74091e180fe0319cde479ba112a899,9.0
0x21300e4fc5fd6c835d73670d7088d649f483ec77,8.715775685753696
0x575a4d56294cf300fb3653885048fff2efc44c76,8.710168485993059
0x634c2d8586ff437ed40f45acd6aa35c2e0e55fb2,8.459791122000714
0x636bfc1dade24c7e60e5807795e4534d42cb5803,8.382654089960376
0xd06146d292f9651c1d7cf54a3162791dfc2bef46,8.213655069039344
0xc3c1744bccfe4691e332c873f9cb99b53214e03c,8.120614994466909
0xef1ec136931ab5728b0783fd87d109c9d15d31f1,7.971603189920874
0x558247e365be655f9144e1a0140d793984372ef3,7.3482726685630775
0x71c2cf4877c991f5b7047636c8ebc04408a8312d,7.25630756991425
0x39041f1b366fe33f9a5a79de5120f2aee2577ebc,7.094466777391767
0x6ac5cdecd452b37741f5ca2b7407cc2c679070cf,7.083882735725096
0x352a3666b27bb09aca7b4a71ed624429b7549551,6.540234
0xa1952f7f47c04ea85ad6f306cb12c3d5f122c360,6.044473280341069
0x35a4066088fe431e9a71b1c6a7906c6676ec94a4,5.9702811438395305
0x52e022f11718de6c1b0e3bff62aca1776b06aff3,5.92639928692508
0x6cad537c56c8948db6e6cddb33f3ef92d7b71b1b,5.880738189665726
0xe6476a373de023a6f744df65d3e373df2889be8c,5.807232928585424
0x61d5bfa974a4f653f2227ac757d0fd2a4232a41d,5.710492828972783
0x7caa9f43822e288782e3e8797c8a16774c689b3d,5.5337813139254655
0xad01c20d5886137e056775af56915de824c8fce5,5.416208505646374
0xdba64f019c92649cf645d598322ae1ae2318e55b,5.393777756267919
0xb818de71b8acee27c17a40446012663d4c71b437,5.104476257903059
0x87a265c93d2a92c6eeec002283beaebb4564fd20,5.012800045354447
0x7c2674dfc9ea1338047d6cf89157c6ca84fe8452,5.0
0x112429b82edbc54d91ff674a9854a9f8c88e4226,4.68257029641126
0x505fb4560914ea9c3af22b75ca55c3881472ae45,4.661074076973056
0x45330be2e8eafa4a51228449a53f9318297cf52c,4.516107708514434
0x6ae7bf291028ccf52991bd020d2dc121b40bce2a,4.443553060214897
0xa2bcac30a7c971e0575940ca2981e3781cfbdd6a,4.167561937785162
0xfbd4c3d8be6b15b7cf428db2838bb44c0054fcd2,3.6
0x0da2a82ed2c387d1751ccbaf999a80b65bdb269e,3.55090891440832
0xb01f8f528702d411d24c9bb8cc0e2fff779ec013,3.3402063708580765
0x00000047bb99ea4d791bb749d970de71ee0b1a34,3.0
0x2beddf5e0cc3e8f85af8c42617654a15b8b026e4,2.94377080382471
0x96c195f6643a3d797cb90cb6ba0ae2776d51b5f3,2.55
0x3a15a953df96e8549cc1b9cd4a28475cfb77fa63,2.5154321496823697
0x93ebae4baa530ac745b9df66dc65757ebf96e07d,2.346383974722908
0xff9f1bba65ebb44545db828e1539a52ccc804a00,2.3368774135699546
0xc7a0cd107cd3f3c8ce9c016e895ac1e3076f0d1b,2.179360229834779
0x199409b7b94091fd0013f51c5932a0fd88896b94,2.1629638116178995
0xb4f34d09124b8c9712957b76707b42510041ecbb,2.16
0x1b8ff06e834e6892ae856881545249878846b66b,2.0621083239187827
0x64792ea7c648eccc079494764db42398c0251d12,2.0
0x221208ba3781c1aaaeb5e31f1670d42ec3550020,2.0
0x62959d2c9d519c8ba3b93d17166a6a594d5f9467,1.9461853986855924
0xb20d4c027525dc65de13c5763510cf3ceae28788,1.8123556967750754
0x3e1f2a8b7e4491ed58b76a9c9358584a435363f7,1.5517813460154997
0x25f36209c883f0b0918bd86f8da6b86526ee72d8,1.286594413666409
0x568896f5fefe8ef7694c391c7c9c898ff015681c,1.2155018304929186
0x2965e6975c325437ff7f4cc39237d05591c23f27,1.2024988033770523
0xe70bc530d5538e233e27fd971fb7b9091bfb42a5,1.1609550669244355
0x0de5199779b43e13b3bec21e91117e18736bc1a8,1.08
0x5f7a009664b771e889751f4fd721adc439033ecd,1.034945013419386
0x63d69c8e3f270d3f13d35b7cffc42bb3cd8a5e75,1.0271252144662018
0x802ec43af2654002326858d20e11bdecc4138b42,1.0
0xe4fb9ca52e39b83be69e74e7fac8f807a9c16ef9,1.0
0xbcb4c8386c097589e7825aaeb9e7c6295835f1d6,1.0
0xcaf8703f8664731ced11f63bb0570e53ab4600a9,0.9936254272495488
0x8e89688ef63ff22c37b79993bc515939e9a86389,0.9905459328745647
0x0e63fbe4f224338a4c93394016b94b55f9a43491,0.9880550179325134
0xbeec796a4a2a27b687e1d48efad3805d78800522,0.9606417907665353
0x37416f0919291c08dce58bdfc848d8a8a02eed64,0.9463309545169514
0xd5b927956057075377263aab7f8afc12f85100db,0.9162698973631911
0x37d8d49c7708c35602a5e8291c049618072df23f,0.8394626228711891
0x33cfe233d06a85ccc04a87f43e7e1c7101fd43e3,0.8289134120208892
0x9dcc35ae915926f7f5e8c624254d91f755d55b71,0.7698764526075669
0xfc1f103391528a580e0983b1bad3ec0a574d4684,0.7385327140381123
0x36568560081ce0770bb199856cb9263d44d6caa2,0.7225858863123795
0x4a183b7ed67b9e14b3f45abfb2cf44ed22c29e54,0.7203985705995465
0x16ded5ebaf3d1176fa3eb0b3bf9ee42929f9f5e9,0.6950600586176928
0x701e0745006fa4ab003697493944662a0000c750,0.6675408264072162
0xed2529fb1f1b4d1a241b3744d62b21e84f122cf0,0.6464323874522705
0x02b6bd2420ccadc38726bd34bb7f5c52b3f4f3ff,0.6328180300109951
0x25b1a7db555cef527c41b1569ed82f870b75eb78,0.6210016194934613
0x5df3f15779f5e2855cf14d09c4d184b7885b46af,0.5845549754555462
0x11b4e1da17fc5a44fd7e565b4efa9468b6788768,0.5464998289531916
0x3d945da47eaef43c4257dded7431f637807a6a38,0.5133697174926719
0x804986f81826034f7753484b936a634c706f1adf,0.5
0x80fdc30d21a672eef723b809ed4ba7c91728d421,0.4896421373199108
0xb634316e06cc0b358437cbadd4dc94f1d3a92b3b,0.46641254646695207
0xd5987abc4a8341d66d8c5b42f74a9e584e13c73c,0.45807092010911193
0x40bbb4ad98bfcaae414bf655f7ce08b2c6bd473a,0.45675370418809
0xcb0298f7cf0c74ff95bcd52f9840966ebd73bc2f,0.432793998772428
0x980ed46cd7f166bc16d85f1add50e992dfd046b4,0.42189921333827235
0xf217de9e1442b1f61cee9dac2a07bea96d83e06c,0.41306518068126
0x73beeaa851d497c5291ef9843c111eedbc4a26fd,0.410497459395123
0x4670ddc6212171489a41877bbb5d5b1cd4f27f3f,0.3986019041815914
0x22a2ad7c8881e75ab0ed4947912f48fdeb0ee1c4,0.3872591529158117
0x087eb2452be41e1e1363fca8c489c7b512245e5c,0.3404230627677226
0x3e8df5f6948128b415e8042bee6878a9732a48a8,0.3017408812394473
0x719e6109f366931669bdbc0de3ea1ee1d23c8e06,0.295619081892898
0xd98e3182c884c7f76b4c1cc55bf3d9893bb2aa0c,0.2925916662281946
0x3ae5e6d599231ed4741de91554ea5f98696b6210,0.29237225872617684
0xfaf7794a986e787a6c0d98dd1162fe27ab59b9cc,0.2914726583361021
0x519ae0c11f21f217ad4a7e4eb09e3bbe0e8ffd9d,0.25230279656998117
0x7f247f9fa3022365a54a89af9acf1504a6cb1a6c,0.25
0xf38d404a1c5ef825d187dcab9c6fa2027ea953fe,0.25
0x4a14347083b80e5216ca31350a2d21702ac3650d,0.22969896298834194
0x429cf888dae41d589d57f6dc685707bec755fe63,0.21130194560273613
0x9cb21ce0ff81e55db73bbb36d5a9eac9d50a938b,0.21101737194906728
0xdd0a15e945a9d95c48a1a26bc7894ab2a7b71417,0.19464944143193305
0xec351350fa3353dcd396196cd0f923520865d528,0.171345007154973
0x43a2a720cd0911690c248075f4a29a5e7716f758,0.15029663454350298
0x3f2edd2aeaa3af225d23b225baf8cceb900af7d8,0.14568658978808388
0xfb5185b7f8c61f815b57de679bbc857f510352f7,0.08135846047107692
0x4f942119e6ab0a6e4368e795d1d64291a3ff0da4,0.07256339102641991
0x000000d40b595b94918a28b27d1e2c66f43a51d3,0.06703749104116208
0x76f4eed9fe41262669d0250b2a97db79712ad855,0.049632708549332556
0x674dc72d0738d2f905ae9f3ef17c0384c8bd28d2,0.0493151
0x2623bd587b91304537ffe9418cbeefebcdde4a9a,0.04815839159805968
0x4ee115ccbd368ac05883952b68d2d5e30cef5dcf,0.03661
0xb0000000aa4f00af1200c8b2befb6300853f0069,0.030271111732160964
0xd12143917bcf1f5923f7cf14d9d548d7a57609be,0.02894009109395968
0xd7ca8219c8afa07b455ab7e004fc5381b3727b1e,0.019521
0x6b75d8af000000e20b7a7ddf000ba900b4009a80,0.018302565644559093
0x99105d429390d8acd3ae7154e22959b597a841f7,0.017382818682409974
0xb3a561a3d41400bd20e1860339f9587b0a0fd344,0.014097274221110434
0xb19bfa48b9d71d1effa03cf0c0bbf0a9f25f7526,0.011592463751784639
0xc1dfd16259c2530e57aea8a2cf106db5671616b0,0.009785683586111758
0x9859178c0fff636315eb0b39a13cddb3df59d9a4,0.009720703443321245
0x00000000003b3cc22af3ae1eac0440bcee416b40,0.00967021777763254
0x12d8e0407140bcf38f1c041ed5916195fe852e28,0.009
0x6ff97e9c4236761ff003c7761134252e25a3ca71,0.00732298528675154
0x525a39ffdf2a0c085c64b6774bd1a231fb0614d2,0.00732085095236222
0x00000000a991c429ee2ec6df19d40fe0c80088b8,0.006764723993948376
0xc5a0baba45d5b7e88f41d04cf1501a6f4475ef07,0.005012832527402828
0x7176986f77c8bab5dcc1d2182c7592f02382d770,0.00407474734486804
0x710fa20baa4489b1eb02023bda92cc24df56de44,0.003097630760217097
0x744a6ef0d1ec1129f83ae94f4a8d64a16e2611d7,0.002453502886412278
0x947c4efaf086821ed8f5d3980d466808f3fe4808,0.002
0x00000000500e2fece27a7600435d0c48d64e0c00,0.001970324836974592
0x93ffb15d1fa91e0c320d058f00ee97f9e3c50096,0.001372292853065756
0x33100c8fc2ed4605e05ee9acfafd066d862b7ce4,0.001
0x11b82a90b3ba3ae5c7d430980ca10e8ce208c1c3,0.000898052249491651
0x7c61459c968b2cb033dd9a348159af512e94ad4a,0.000698848081784571
0xdc3bfcb3521cd02af66d394f817a0e6fe62ded95,0.000639986382779904
0x563bdabaa8846ec445b25bfbed88d160890a02ed,0.000563160762089079
0x438eff83fcdc7e24ba3afd34eb160779cfd274a4,0.000523218391118765
0x0fe6ab8e28a39cc0dd3e13ec0c03412ba87e8066,0.000368734622442622
0x9e2bea982fc97c67bf376c70011e37db6ce64eb5,0.000354378717463698
0x00fc00900000002c00be4ef8f49c000211000c43,0.000281474976710656
0x4736b02db015dcd1a57a69c889d073b100000000,0.000279029017025767
0x5a2b016c641742fb97a75c0d4c22b2a637ddf4b6,0.000271930344859656
0xa10fca31a2cb432c9ac976779dc947cfdb003ef0,0.000241645303328557
0x3c07d7a09bdbaac6078110214d2f0c6ac8e02383,0.000211824578539097
0x9ebff8599569a5807c1a00f59b5c1fbc7bf65a02,0.000188416471112551
0x007933790a4f00000099e9001629d9fe7775b800,0.00018
0x886c7efdbdf44f8163557e3f9cb416123586e323,0.000151398284990582
0xda1c97b1ee2edf8e99e9ef225549a74a049b6798,9.9999999967752e-05
0xa719c0e3c2623dd2aa3f18635b0b9114b7243a56,9.6363232296988e-05
0x5791a402700e7266bb4ec99e508fa25a05c762f0,9.0908018905028e-05
0xad2afc755c4b8c1b8bcce8989b9bee47e479650e,8.6170776157666e-05
0x914ef477add7dd4b0931fc9ce41b3804be5efdc3,8.0193960964355e-05
0xfbacf517a8523a41c75c189fb9fce7b536030e1a,7.7699061726428e-05
0x574a782a00dd152d98ff85104f723575d870698e,7.7650605420804e-05
0x2ac2d38d46f8650492b19a6a0c9ed3d786f0fc75,6.866448689467e-05
0x199ec49df90a1d7dffd792c22934aead20304deb,6.8026150572911e-05
0xc0ab185f1c4a237b77787252a1720ab5918b0b0d,6.712761119504e-05
0x623b8c6f3cf81a87d8fc721a5ac150b70a1e6feb,5.8486281017648e-05
0x574ae375ee7765b8ced805d6b41098a60e3718a9,5.8307320340739e-05
0x7ac90f34185a32bcd8fd74c20d54fb540d76ea07,5.8216723981731e-05
0x289922fbbfbd38472d7e2a1652b33b834f7c0e49,5.3981642119577e-05
0xd683b78e988ba4bdb9fa0e2012c4c36b7cc96aad,4.7999318777129e-05
0xc55c7d2816c3a1bcd452493aa99ef11213b0cd3a,4.6158584937056e-05
0xeea76d34ca7c39399ed38deb440ed41aa558b919,4.5768885160594e-05
0xde04086babf2e92f9fae4153894756a393a89cfd,3.9066136951177e-05
0x7a6c8dcc20283ca2065e79c43d1aba7db7dab3f1,3.7124114872336e-05
0x7afc7465ea61adade40045548496c2e1116ffe14,3.5740908759787e-05
0x52e701dd73339f598c35987a044ea2865746a701,3.3789346964804e-05
0xc30edc9271cb23e7ca22d0d84db8601238a4d925,3.0295606693711e-05
0xf793cc9bc96f6e9abb4806530bb016a0e7b6af78,1.8590690646141e-05
0x2e102b2f815c48505e5691fb17fb8e0459ff9d80,1.7638006204503e-05
0x4d928359e8556197f161f4927a928dfde9c3d1a8,1.5280107184029e-05
0xc6e34e7bee3c459c99412ece5ec409caf4c9a372,1.2443286255325e-05
0x9f5141e8715c6691e75188bda726df54c14721e4,1.2234748926058e-05
0xe993486b257cd1481aef74b3b909a2627fc8d305,8.43783257872e-06
0x0ea8c70fadb874ad1e0f43d15a1d4d772a316136,7.741909099238e-06
0x6b66e006d7f1d45504028da87b79d21104499e18,7.471987336827e-06
0x77d74a7611db43241e25c65888e6a26fa69019a1,4.670517740634e-06
0x4afa72551fc1ff5347aa9c2415ceb196797618b8,4e-06
0x000b79f52356189c80a9d3ada3911d4438218516,2.754606313064e-06
0x1b0aca8765fb71bc639e3b2faa44ce62e9430fae,2.385867493243e-06
0x0096913d68a000311266250f0000000000e04c00,2.199023255552e-06
0x741e5d60fdd902fd02a887e80e652a13f3577978,1.45970289392e-06
0x6a8aeb3f8509c188775f65fd1e9eb5dd10abb8db,1.099511627776e-06
0x660000c7feae0027f565680000005c683400e700,1.099511627776e-06
0x00000000009e50a7ddb7a7b0e2ee6604fd120e49,1.099511627776e-06
0xa7003527af20001c000037a90051b19ce31eed36,1.099511627776e-06
0x0df68c1a0d60b21b0c138e783e7904cbcf2083fe,9.79532496481e-07
0x765e8d6d57420cf4d3b4f6797d2cb6aec0634cd8,6.89183366355e-07
0x00000023c10000eecb940000b914cdfd76cc83d1,2.48913513462e-07
0x897656b1fb6c3688e48e1dd8259f7e092364754d,1.74205875932e-07
0xe49c9f7308404c1630129513c8d0da5cfec8e854,3.2527785365e-08
0x5c34e725cca657f02c1d81fb16142f6f0067689b,1e-08
0xdcfbfbd4a9da696a6defbd22542cbe5bba1c6092,7.312028926e-09
0x0000000000007f150bd6f54c40a34d7c3d5e9f56,5.616985853e-09
0x477881a99b7ea1c5cbaef9b42ecb07843a294812,1.195356367e-09
0x3e1fe48323b8c141bca5a21aff0307ec25205d8e,4.50833788e-10
0xaef7784f31091a9d99d952cc7beff0cca7cb9035,9.7326592e-11
0xa405e822d1c3a8568c6b82eb6e570fca0136f802,1.648111e-12
0x3f2c96ebac8b9d5242580b53c2b5d36d6801b10f,8.21891e-13
0x8e8bc5007ba7d96cec2a3b12b2563bb3a6c7848c,6.27285e-13
0xb8c88a551da3dcb84d17e0cc4bceebe20b2aa968,5.32238e-13
0x24902aa0cf0000a08c0ea0b003b0c0bf600000e0,4.3898e-13
0x1b200c7163826a363b5531016a4f0bc8b0277453,4.34352e-13
0x13f13e66274c2f19edf3727cebed0e9c27f59098,3.89644e-13
0x2effbeaa0079d63718e7aad0b3a4cae6b27009aa,3.43839e-13
0xd1691adeedfb6e95ea860776c5cce83843820928,2.45987e-13
0xaef24e7feb7faa02c8896690435d5a89fb3694f7,2.43806e-13
0x1947bc2061b2c9e7bd4ca91abdd6d61902f5f894,2.23547e-13
0x5658c0a446785ef71db407f5e978f2c723aaa91b,1.93915e-13
0xf5bce5077908a1b7370b9ae04adc565ebd643966,9.89e-14
0x389324dad34b340e11e3642ac92bfdb15740347a,5.4005e-14
0xaf6f3975d8bf44013cb40793438cbfe9dfde6284,5.2576e-14
0x73e5eb1df67fc40a8a39c1f0e1276d8c5406f759,8.967e-15
0x555328ba52fba9b6c3aad3999f4e156e0afb8a73,6.667e-15
0xb2f72662ed42067ccce278f8462a0215b6adcabb,3.403e-15
0x5b28a0dd632fe31e276fad9873495492779c2c58,3.073e-15
0xfe9d67621c20c15dfb761138caf41e1c128f2d72,1.845e-15
0x8afd8c12e16311ba456582c2b511d9c401bee735,1.628e-15
0xb7f64cd4a7cf08325b411a36ee7add648e0b4752,9.15e-16
0xdb744a5853a0a8a81feedb4efd5f69f0de6825ff,8.69e-16
0x170f2543d5824a92dd12689d9d35116e134c42a9,7.55e-16
0xd1742b3c4fbb096990c8950fa635aec75b30781a,4.54e-16
0x0a53e28f2f7b27971e18a6305c2c74a449badd2e,1.3e-16
0x0eae044f00b0af300500f090ea00027097d03000,6e-17
0xfd0000000100069ad1670066004306009b487ad7,5.1e-17
0x000000000035b5e5ad9019092c665357240f594e,3.4e-17
0x000000005736775feb0c8568e7dee77222a26880,2e-17
0x369350fe4421f16dbcfe28cb3943e7421ba48561,1.4e-17
0x00000000b7ca7e12dcc72290d1fe47b2ef14c607,1.4e-17
0x98aebd42d3274f166d3401c204b520e03fe36060,1.1e-17
0xf010f628531045ab8b95ba21db636dc956294281,1.1e-17
0x8ca226f6d478c79935412a61502a151330d91a72,1e-17
0x473bbc06d7fdb7713d1ed334f8d8096cad6ec3f3,1e-17
0x8c30549465d298bb60ad8d5a72dd2e251e4fedaa,9e-18
0xabc508dda7517f195e416d77c822a4861961947a,7e-18
0x2d9842a37681cbfcca853d742727f94de899d384,5e-18
0xa7231cb45387fcd209c28b63cb4c506edf2d2928,4e-18
0x90f1cb932dbf94385434c40d53df3727f00e50b1,4e-18
0x018d5c4783f5317815f6e8168942a12adde3cd3c,3e-18
0xbc0bf1494d9b5cd25fa326bd7550159823a5bfbd,3e-18
0x66f049111958809841bbe4b81c034da2d953aa0c,3e-18
0x1d6e8bac6ea3730825bde4b005ed7b2b39a2932d,3e-18
0x000000c52b33fa71614810224771dc8f3255b220,3e-18
0xbcc7f6355bc08f6b7d3a41322ce4627118314763,3e-18
0x7c0c078f1eb5d471579cef0ce4e089b70e1bf21e,2e-18
0x0000000000d41c96294ccdac8612bdfe29c641af,2e-18
0x000db803a70511e09da650d4c0506d0000100000,2e-18
0x0ddc6f9ce13b985dfd730b8048014b342d1b54f7,2e-18
0x00000000e9d7eee1c07d3d017cd18c3dab4c2ac0,1e-18
0xfb3cee83a0a97c8d7999ebd59496a4fde4f40033,1e-18
0xbe7395d579cba0e3d7813334ff5e2d3cfe1311ba,1e-18
0x167003a4b849f182e8baf0b10777c99f6e1222cb,1e-18
0x8416276c681c953b2f35b8d8897d5b0678969397,1e-18
0xf081470f5c6fbccf48cc4e5b82dd926409dcdd67,1e-18
0x000000000042c71e9b847fb1533270360a7b2cbf,1e-18
0xae7861c80d03826837a50b45aecf11ec677f6586,1e-18
0xe8c060f8052e07423f71d445277c61ac5138a2e5,1e-18
0x0000000000d9455cc7eb92d06e00582a982f68fe,1e-18
0xf6460c6dd025c367f1d999276fabc2b18e2d1066,1e-18
0x0000000000710a9c1f6db5f504be77ffb3b583ec,1e-18
0xf0d4c12a5768d806021f80a262b4d39d26c58b8d,1e-18
0x0000000057a888b5dc0a81f02c6f5c3b7d16b183,1e-18
0x7122db0ebe4eb9b434a9f2ffe6760bc03bfbd0e0,1e-18
0x53facee52e897740b140f5304e9cd9dc6238d735,1e-18
0xad3b67bca8935cb510c8d18bd45f0b94f54a968f,1e-18
0xd1b47490209ccb7a806e8a45d9479490c040abf4,1e-18
0x499dd900f800fd0a2ed300006000a57f00fa009b,1e-18
0xe37e799d5077682fa0a244d46e5649f71457bd09,1e-18
0x42b2c65db7f9e3b6c26bc6151ccf30cce0fb99ea,1e-18
0x000000000005af2ddc1a93a03e9b7014064d3b8d,1e-18
0xf2972a2b8eda253678877995147869ed99b50e39,1e-18
0x96d4f9d8f23eadee78fc6824fc60b8c1ce578443,1e-18
0xa6381631e0634e97e23a80a3c57f9582aa959e16,1e-18
0x00000000fdac7708d0d360bddc1bc7d097f47439,1e-18
0xf4bdce5f8bf6397346d60afcd33764dbfd275a7f,1e-18
0x7cf09d7a9a74f746edcb06949b9d64bcd9d1604f,1e-18
0x00000000726422a6fecb4759b44d47e48cf746aa,1e-18
0x1111111254eeb25477b68fb85ed929f73a960582,1e-18
0x3f214956f6546c8de9951058d4a6cd8840fc98e0,1e-18
0x5e4c21c30c968f1d1ee37c2701b99b193b89d3f3,1e-18
0x0417fb247af04b9842992eed90f7cef591e2be88,1e-18
0x0d3c2261747b2079f6abd459642421a8087aead5,1e-18
0xcff2d6bf21e6835a144ef668809adec4b4e9c395,1e-18
0x0d9326f283d8ca7eeea4d323d07a0c9c0ab1a192,1e-18
0x246931008e1c729858934e8a5e0b62f0e49408fd,1e-18
0xb7d691867e549c7c54c559b7fc93965403ac65df,1e-18
