Balance,Holder
{'Amount': '20028496.457095359055327777'},{'Address': '0xdbbfc051d200438dd5847b093b22484b842de9e7'}
{'Amount': '12047382.739524733168283321'},{'Address': '0x16d96ba86512b4f8d10bd74b1061d9f576d9c55d'}
{'Amount': '5500464.852293635887759291'},{'Address': '0xc5ca1ebf6e912e49a6a70bb0385ea065061a4f09'}
{'Amount': '4839742.170489198035453906'},{'Address': '0xca67f76bccce3f856fcd38825e3afc43386ec806'}
{'Amount': '976991.697934535467552611'},{'Address': '0x40ec5b33f54e0e8a33a975908c5ba1c14e5bbbdf'}
{'Amount': '866519.018356920062713149'},{'Address': '0x53162d78dca413d9e28cf62799d17a9e278b60e8'}
{'Amount': '572472.733542617974446573'},{'Address': '0x41e0eb58d8c2e5a0f979da3284739821143f684b'}
{'Amount': '534073.896534035429214775'},{'Address': '0xfece4fc28bdee14e72df795222798701adb02acc'}
{'Amount': '498299.472561568804299194'},{'Address': '0xcaf8703f8664731ced11f63bb0570e53ab4600a9'}
{'Amount': '393889.623961964459819034'},{'Address': '0x957ffde35b2d84f01d9bcaeb7528a2bcc268b9c1'}
{'Amount': '360022.195084522522111272'},{'Address': '0xa86e412109f77c45a3bc1c5870b880492fb86a14'}
{'Amount': '350104.070183578015593639'},{'Address': '0xdc0b02849bb8e0f126a216a2840275da829709b0'}
{'Amount': '249332.560809235218806290'},{'Address': '0xb753eebaf9deacb02c836950dae2f9e58592638a'}
{'Amount': '223294.869365151997840195'},{'Address': '0xb84501efe8b7d824329ac9ce76eb5a48372bde22'}
{'Amount': '213779.261320395758667583'},{'Address': '0x0dc874fb5260bd8749e6e98fd95d161b7605774d'}
{'Amount': '158403.491226028106005270'},{'Address': '0x3baf70b3d5079d8654c16b777c3e4e16d9071579'}
{'Amount': '150333.131915904890294567'},{'Address': '0x99be63a273a050a67f043ecd106603a6faafecae'}
{'Amount': '136142.809741248127310355'},{'Address': '0x7d42bf24f22ed0fb0a0473a504817ac5c44f51fb'}
{'Amount': '131096.376117247905474688'},{'Address': '0x1a3e8de7e155fd91b7b3726ee20498762756227f'}
{'Amount': '126498.734770375922676411'},{'Address': '0x5aa79c3b0648c916600c88f028c1911e3a7c3ed3'}
{'Amount': '103257.275256849323804091'},{'Address': '0x99611cd42b6281a9cbdee97f9e4bff51a8b1c5cc'}
{'Amount': '101025.523619508252763482'},{'Address': '0x6788f608cfe5cfcd02e6152ec79505341e0774be'}
{'Amount': '78486.078269308787311839'},{'Address': '0x649765821d9f64198c905ec0b2b037a4a52bc373'}
{'Amount': '60162.000000000000000000'},{'Address': '0x2f3fdf5e97250ef5e4cef3ff4ccf0e8784c21e60'}
{'Amount': '40000.090715246191997272'},{'Address': '0xecc3f0fab1e3589daf94ea8688aac12777b752a5'}
{'Amount': '36523.146302332016114929'},{'Address': '0x354743132e75e417344bcfdded6a045140556414'}
{'Amount': '28830.808029174802939904'},{'Address': '0x3cf7654333cb7c24eff8e21d7a6882ae3a057759'}
{'Amount': '26672.364231829550842074'},{'Address': '0x539caaab219b81d65085ddaf468a13cac491d12e'}
{'Amount': '25899.503330922889644792'},{'Address': '0xd47ca06c4866318ff9680695e39aa3a5bd337fbd'}
{'Amount': '25114.935895996280179070'},{'Address': '0x94db5282b2a766573aef88c69b2d1baf969084ac'}
{'Amount': '24375.097532800099380823'},{'Address': '0x496a42e6f7d6775290a702610e56a2ef6c33c996'}
{'Amount': '22771.457848556491443330'},{'Address': '0x55030d5128d14b6e993103ac1e4768f50a83e347'}
{'Amount': '21750.388889000000000000'},{'Address': '0x6d9a4667e14783282517d0e3ebecf29da808c6de'}
{'Amount': '20005.158846398563928351'},{'Address': '0x11a2cd82ec4794f4fc3ec5fffbc8d0a1416a5d51'}
{'Amount': '20000.000000000000000000'},{'Address': '0x581721eb8d2aa9a0a1e36e49985b7cab14ddc40f'}
{'Amount': '19218.084493496295684500'},{'Address': '0x352a0500b2b2cc68a7fe73784e1428a806f8773f'}
{'Amount': '17987.661404476910913831'},{'Address': '0x5b450694a4fcba4a928d3892ed649459a8cdc763'}
{'Amount': '17805.402456947685881518'},{'Address': '0x23a49a9930f5b562c6b1096c3e6b5bec133e8b2e'}
{'Amount': '17767.133334000000000000'},{'Address': '0xff793891dd78754b5c26e6c4e658d276c6bb8358'}
{'Amount': '17571.429433525972142547'},{'Address': '0x416927e4ce46beaefada8441a98fe250d3cf21e9'}
{'Amount': '16749.263088238591886024'},{'Address': '0xda5930dc7c0022ecf9a084120df232c24e54ddab'}
{'Amount': '16717.267562599316177873'},{'Address': '0x639d20f70bcc01a25355720ef6590beab6e4a0e7'}
{'Amount': '16373.219119184723918606'},{'Address': '0x073d987513ca27ae5801f389c6ec5bd8c84909b2'}
{'Amount': '16265.280031823438593872'},{'Address': '0x8b4334d4812c530574bd4f2763fcd22de94a969b'}
{'Amount': '16062.922450193805641136'},{'Address': '0x39d0d5ac84f2215c482936b0eede2076cf2e6087'}
{'Amount': '15453.832136333283168767'},{'Address': '0x7221dcacdab745ebc827578dee7c46ebc41ae7eb'}
{'Amount': '14425.310413933632151198'},{'Address': '0x2af9b355a578e8bf422bb7ebb5ee7434f24d5ef3'}
{'Amount': '13301.617630000000000000'},{'Address': '0x15ae150d7dc03d3b635ee90b85219dbfe071ed35'}
{'Amount': '12975.000000000000000000'},{'Address': '0x80a4f176ba34ca9c9f7a124e3005fa8d3141e010'}
{'Amount': '12653.899085701323873980'},{'Address': '0x8fec806c9e94ff7ab2af3d7e4875c2381413f98e'}
{'Amount': '12067.132457732265523178'},{'Address': '0x31c99cf29651a9b9fdfab62c7c483d52d8a172ea'}
{'Amount': '11983.529812987681662352'},{'Address': '0x26235a422c82045bd0526a09d23fff563f306abc'}
{'Amount': '11847.331516000000000000'},{'Address': '0x8e4fd0a080818377adef093d99392813c3526298'}
{'Amount': '11555.449190565985844011'},{'Address': '0xfb27ea9e342b90d29144f2b02fce921ebb259b67'}
{'Amount': '11394.639112547258903009'},{'Address': '0x4d6d80c41512d2c4ef78fce7ac0a5a73202de97f'}
{'Amount': '11097.446351432696100464'},{'Address': '0x02ee94f0c83a405badf94f5989dcde609296c540'}
{'Amount': '11083.878646220760058408'},{'Address': '0xca7c767854b1e7305de07247ab85e30543d1d9c9'}
{'Amount': '10456.330069715429120270'},{'Address': '0xdbc9af0b86644006df192eb7d2d29c6378024aed'}
{'Amount': '10034.093240900702186775'},{'Address': '0x1d33b482946b0fd66fff2dc5af8123e1f4aa25f3'}
{'Amount': '10000.000000000000000000'},{'Address': '0xbb179f078bac0ff4f181f6e01606ccae883ef74d'}
{'Amount': '9797.385358603798514065'},{'Address': '0x82684bcdbde511e7026c1e7282cb85d6ce70990d'}
{'Amount': '9731.708255767822860288'},{'Address': '0x46ab107b3632fc7140e7b2294e5d803774eb9c88'}
{'Amount': '9400.165553092193734001'},{'Address': '0x045d84eb69e62857c9ac7078a91a33eae16c0ba3'}
{'Amount': '9276.952647167642269227'},{'Address': '0x78f1b4984ea680615347b2df8164b2824d3c83f0'}
{'Amount': '8958.305076186676789906'},{'Address': '0x61b6059cbcc864aeb4165a285433b28cecaf7688'}
{'Amount': '8807.838261046502604901'},{'Address': '0x3edbcf9729ab2290756567762934e5c784258e4e'}
{'Amount': '8588.744195938110668800'},{'Address': '0x19fd99bc64a2b7802a1b6fba4ebb3b6f4d165657'}
{'Amount': '8451.194074747344868040'},{'Address': '0x7176986f77c8bab5dcc1d2182c7592f02382d770'}
{'Amount': '8137.770698848081784571'},{'Address': '0x7c61459c968b2cb033dd9a348159af512e94ad4a'}
{'Amount': '8118.000000000000000000'},{'Address': '0x0cd27bb5a484aab857f8190d6415bd2f496472b8'}
{'Amount': '7954.369928424656598101'},{'Address': '0x4beac9cf36e4ab5d44e384382bcf27b1004d27ae'}
{'Amount': '7744.977899178046831890'},{'Address': '0x6bfd30747ba72ac7bb2f20d6138e1312020fafe8'}
{'Amount': '7580.846350721175213630'},{'Address': '0x1813007a27affdd39a0585707cadb97fe864fb90'}
{'Amount': '7579.151938875330146512'},{'Address': '0x8c534ecc397d4c82607aa36e046ac127c2b0e510'}
{'Amount': '7500.000000000000000000'},{'Address': '0xaa391b954f9b201d12e316db2f979cd7c460d0f0'}
{'Amount': '7479.875355158683277114'},{'Address': '0x989225f2f9ba272adbce6d579232c4113ee998d8'}
{'Amount': '6986.552111122855266387'},{'Address': '0xc8d46eb7881975f9ae15216feeba2ff58e55803c'}
{'Amount': '6847.055854043068021545'},{'Address': '0xa1f8d448bd883a9a56b08dd314e130344ed75a0a'}
{'Amount': '6363.172903647055240084'},{'Address': '0x6247bf5f0037a090dc33b74d5357ec46547a9ba8'}
{'Amount': '6298.551150026271955924'},{'Address': '0x9dc6ca2cd9ab7c38f64f7e6d8607a55537c23ca4'}
{'Amount': '6000.059312231651154275'},{'Address': '0x9bc7a5ee86c800dea4560117f53773c82d6298e6'}
{'Amount': '5962.727018861370338000'},{'Address': '0x6d496477692320d67b8f211ede5097f3c89abf63'}
{'Amount': '5855.052329742440668448'},{'Address': '0x14c6150db396ff57007f01e4b560d16c72905e51'}
{'Amount': '5747.500000000000000000'},{'Address': '0x75739f3ea48442826c582128944b97ede0e3cf4a'}
{'Amount': '5442.727189303599688467'},{'Address': '0x1460ff91cd0c6ff7b87648add3716c8356afd66f'}
{'Amount': '5424.136199869517432793'},{'Address': '0x4f8f05349751f5e0cebc14f22d2ba0d94d763bc9'}
{'Amount': '5409.202963094237836061'},{'Address': '0xb54db321bb821bbfba2d49ff8cb19a9153ae3c53'}
{'Amount': '5348.551626611084926389'},{'Address': '0x725f5ea0d7fdcf7e0316cdee18dbd24225594077'}
{'Amount': '5290.799482126258704926'},{'Address': '0xe2ce7c0b90c8d47b5337ac2d2bb5122b2ad13107'}
{'Amount': '5271.000000000000000000'},{'Address': '0x34efe5b6b61910aa53471f78ecc01b05bc61625f'}
{'Amount': '5258.994949143912135024'},{'Address': '0x0ffaf8e5543cee0629ea3da2a0712c12930627c6'}
{'Amount': '5244.590587248112217521'},{'Address': '0xcdc2f106e9694b16ffdbfce2a2612076ce44b4fe'}
{'Amount': '5227.656908971831928608'},{'Address': '0x1653be56ab8fc7221d2fb9c668d557f3786352d4'}
{'Amount': '5080.842644477615434138'},{'Address': '0x43ba3febc88142cb643d09d66683270d75fd2ed6'}
{'Amount': '5041.861111400000000000'},{'Address': '0xcbe203901e2f3ca910558efba39a48af89e3c558'}
{'Amount': '5000.000000000000000000'},{'Address': '0xbfab3fa9fbc422e9202558b3c51c2d1d0b2ba551'}
{'Amount': '4907.892039970181014904'},{'Address': '0x221831c7cc3a44e1d6cac3a5bceee1f5de8ad675'}
{'Amount': '4865.225592336444377455'},{'Address': '0x3ecbd327432a1418eed49c7e281b45f4d31a047a'}
{'Amount': '4788.886202128315121304'},{'Address': '0xcc1cc238f0d0de0bb82cd1f36ea988d8eb4489ab'}
{'Amount': '4372.001598260028151161'},{'Address': '0xff53b23729401a257da6b64f4e769a73759be6ca'}
{'Amount': '4366.637146179069450923'},{'Address': '0x65013c3379b3da439d3c9cedfec6354c71bc3051'}
{'Amount': '4351.770258278849097179'},{'Address': '0xe1aaa2c11174590bf97a221f51d2ae622d980b19'}
{'Amount': '4225.450000000000000000'},{'Address': '0x8e4637e0ee1c6638731569c380c8a42cfb785337'}
{'Amount': '4022.136682792722390627'},{'Address': '0x9bfba640006bd76851cae389a93461b28fef54d1'}
{'Amount': '3957.996575342500813302'},{'Address': '0x076924c052b7a3112bee8658a8c3e19d69361df2'}
{'Amount': '3914.959098640227511583'},{'Address': '0xb8e00ef5b082660f18cb95a6b668fa102455689c'}
{'Amount': '3853.742573040130336937'},{'Address': '0xad9abbb3fe136a2e537598aaf2e6b3ed804cba57'}
{'Amount': '3834.377592574217245091'},{'Address': '0x4b98c19d040f7296786d9d2b0cdbcc6b48adebda'}
{'Amount': '3834.072830506364575130'},{'Address': '0x5f82c97e9b1755237692a946ae814998bc0e2124'}
{'Amount': '3793.538288084882044516'},{'Address': '0xc8869c123bab5abf71953d75332191f19dd669da'}
{'Amount': '3622.673604397905017453'},{'Address': '0x0d226b6c9836b7937cb92b535a479132a95b2bec'}
{'Amount': '3574.423271593194698772'},{'Address': '0x7ef1b4d0d7bfef10d66a82e2a7c30639d40d1326'}
{'Amount': '3423.920526123046928384'},{'Address': '0x8fb20c72139b2a971ab814503d61111349f8cc78'}
{'Amount': '3422.149342478688582290'},{'Address': '0x9c9d06c7378909c6d0a2a0017bb409f7fb8004e0'}
{'Amount': '3356.311542973517661219'},{'Address': '0x6c8df45bc51b5a0dbdb14b8c9625f7307365419f'}
{'Amount': '3352.070821962689897087'},{'Address': '0xaa15ab8fea0ae32ee23f3e74ae5aba1ac125f349'}
{'Amount': '3266.637104762863893868'},{'Address': '0x537c07b610e31e671065771ad2af4ea412043460'}
{'Amount': '3151.306951904296960000'},{'Address': '0x2061530bdd693b359761b378b05e1d55abf98c32'}
{'Amount': '3137.054662123669044389'},{'Address': '0xb0b0d8d672f14492eafda5854089708e0fe223ac'}
{'Amount': '3128.389932120509955149'},{'Address': '0x4082f31be15209eee22595c9597942f142045eb8'}
{'Amount': '3101.991190979989952767'},{'Address': '0xf844b0afad2217d2b54f6b3ce8119b5667702f68'}
{'Amount': '3093.000000000000000000'},{'Address': '0xdc78e041fd21d5644fcb0dcf61281f3d6a48aff4'}
{'Amount': '3064.288067671760250736'},{'Address': '0xc6dcf8846d6da3791718cc924f63f0380db8a1ba'}
{'Amount': '3026.110325043059070328'},{'Address': '0x8776ba94a2ae4f1a1c388b7a3389828bf37856b9'}
{'Amount': '3000.096678097593444546'},{'Address': '0x7375a356f5948657bf1dbf412b6b0202d822ff0c'}
{'Amount': '2955.004551890482694258'},{'Address': '0x499f39d4861f214808376c890aa7cf6e424fb05b'}
{'Amount': '2946.252746582027927552'},{'Address': '0x4eacf42d898b977973f1fd8448f6035dc44ce4d0'}
{'Amount': '2941.731459571512271264'},{'Address': '0x36b3e8dde986305ad9e2d0a96a6e45aeedc709cf'}
{'Amount': '2866.824004303539081688'},{'Address': '0x291c245fd1e5ecada53166165838ad19da79a881'}
{'Amount': '2804.375338035706315964'},{'Address': '0x5c5b097868ea4a7c0cfd01c160b12a39f82042f6'}
{'Amount': '2797.437805175781195776'},{'Address': '0x34aaa3d5a73d6f9594326d0422ce69748f09b14f'}
{'Amount': '2781.487173280709829460'},{'Address': '0x19b560f0e6990711de1383c33ed8d8b0bf1c48ff'}
{'Amount': '2681.252068447728213405'},{'Address': '0xd05f54ea019443f246924d3ecd6703f3e8b949c9'}
{'Amount': '2594.853818513311776055'},{'Address': '0x98b71f1c4469dcb5d4519ca1ea253c5220b48c11'}
{'Amount': '2473.735612603483814698'},{'Address': '0xd973d2bdeb73157bf46a4cabb1a8bbf71ddf0cc0'}
{'Amount': '2323.615079378711272157'},{'Address': '0x0b8093f12293a36ce036d8a68061c844c5b1f87a'}
{'Amount': '2316.739896708041955546'},{'Address': '0x622f40d0e112d98d63af36e9583dcfe15728c931'}
{'Amount': '2278.434970376513765023'},{'Address': '0x2c7121dcbd8e2288cd3e181d2c3b2477527c3e81'}
{'Amount': '2277.816441316812095336'},{'Address': '0x9f9b34c201efe888b02fdcab52422199957a0407'}
{'Amount': '2261.109831217994164451'},{'Address': '0x20f4b1c39fc34404c80f039d3f2733f5887f8e0d'}
{'Amount': '2241.934680501555359337'},{'Address': '0x82daa4f05df9b8ac873c612f5ec7e05ba01c8318'}
{'Amount': '2150.353817674469791390'},{'Address': '0x003f35595dce3187b4fff2b5a2c4303f7158208a'}
{'Amount': '2131.128108084201783296'},{'Address': '0x17ed9ed24f146dd26df2b39ad7cb195e9b50571e'}
{'Amount': '2093.840647588400701775'},{'Address': '0x7ac159f266be93e67c24f91caf18a42be711ed12'}
{'Amount': '2066.497205673383575496'},{'Address': '0x4d2c263623ebd197ad5bf2b1da9ce23977be896d'}
{'Amount': '2011.715208287475764084'},{'Address': '0x14ac79a79909aa55e3a8004ef53c47cc16cf5e9e'}
{'Amount': '2000.000000000000000000'},{'Address': '0xf06c847a4d00a69d675dbaa084c998884dd36ddb'}
{'Amount': '1934.127047455620046537'},{'Address': '0xd572b19af095e76cbf97dedf03c578f29aaa1d72'}
{'Amount': '1900.000000000000000000'},{'Address': '0xedbd081a8d6ead0fdc0f778ba0c29ede361b3171'}
{'Amount': '1844.762932909477881911'},{'Address': '0xa7230946a4421a68efc625b9e420d916c3924722'}
{'Amount': '1830.289633144313881226'},{'Address': '0xf6201e0047a80843765be8899ae0fc2bfa75af11'}
{'Amount': '1800.427270393536829984'},{'Address': '0xe4bd19aa29c40e422fc038a956796ff8e2ef5ccf'}
{'Amount': '1743.605834960936632320'},{'Address': '0x04a8a22e5ef364c5237df13317c4f083f32c2cc4'}
{'Amount': '1739.029801393070550211'},{'Address': '0x3aaf87557fc32018f0e6db957e0b2a359839ecd6'}
{'Amount': '1718.880509142884680871'},{'Address': '0xea4c5fbe38d9376f87cd0183a8d317c1ca2f4680'}
{'Amount': '1680.028781275588097508'},{'Address': '0xa679a45e9fde61846afac70c321248ad097b47b7'}
{'Amount': '1678.521867285896311175'},{'Address': '0x35cd93344a06abd1fae5b2c1aa2bee94ee4dc015'}
{'Amount': '1646.577132014735547062'},{'Address': '0x359856655934338d798f9cce1f181486301d36a5'}
{'Amount': '1643.107841296215824094'},{'Address': '0x05310c5594a3c961f212308317ff3a4fdd8f82af'}
{'Amount': '1572.168642205621410881'},{'Address': '0xa305c919b891c248f6e1d66a1bd85cc30c0239d0'}
{'Amount': '1539.319727287783558045'},{'Address': '0xe68db9f1489505d43d376cd8e1fb63e30eb81233'}
{'Amount': '1530.135065165212220484'},{'Address': '0xa658f3689388556b6cfa5fb99969a568e452a352'}
{'Amount': '1524.620943192429336389'},{'Address': '0xfb0cf362990d2e6d75d224f7583b43a4108232d0'}
{'Amount': '1500.000000000000000000'},{'Address': '0x762eaa9b88f3bab8fa01c348568dfbe2a28fd260'}
{'Amount': '1500.000000000000000000'},{'Address': '0xd08acabe918c78720660f74de01fcd3a6075651c'}
{'Amount': '1500.000000000000000000'},{'Address': '0x79df0010ae0434534e75321bea2b858036c661bb'}
{'Amount': '1500.000000000000000000'},{'Address': '0xe81dfd51448261c2b14fdfbdb01cae85214215b4'}
{'Amount': '1462.951921071209490360'},{'Address': '0x704cd7553b1dcaba4770baddf98d64d9f38e19f4'}
{'Amount': '1460.886759733262762397'},{'Address': '0x0edefa91e99da1eddd1372c1743a63b1595fc413'}
{'Amount': '1460.401236830683172857'},{'Address': '0xe63757e3cd485c9b35b3a972fffa2d91b8649483'}
{'Amount': '1437.000686809533248788'},{'Address': '0x5868b2d2280f01f58db7a2873889c704ddaa8f2b'}
{'Amount': '1424.710951297436847497'},{'Address': '0x72c8280defc12277281ce52820e10c7816197b4e'}
{'Amount': '1388.363246026695945028'},{'Address': '0x2d328a163d0badfb0291d029c1b9791dacbb148a'}
{'Amount': '1369.054481413687776703'},{'Address': '0x34fd1b8dcc9588716634ff7060c0cee04ab5d508'}
{'Amount': '1337.000000000000000000'},{'Address': '0x5658f4b362e95c0bc32d5ce0051457882db92ee5'}
{'Amount': '1315.000000000000000000'},{'Address': '0x5caa533b1bb4cabc15f26d4fc7c549a27421ebfa'}
{'Amount': '1312.080611915582966125'},{'Address': '0xd8049ac018d0189a21e78fadd0935f391b63d643'}
{'Amount': '1305.335480949207642675'},{'Address': '0x13f7b24bc1a3de268814c0bb709cd5e6e296765c'}
{'Amount': '1300.000000000000000000'},{'Address': '0x5218691a71394e01252086e00500b12cacbe5224'}
{'Amount': '1295.977870243162163707'},{'Address': '0x65b0ca787dcf9aa2d5e0ab93eaf836424ef16e83'}
{'Amount': '1294.123334231626342397'},{'Address': '0xbbf3e43681886f30835eb3ce8ec210b8ff16e85d'}
{'Amount': '1292.400277441220617528'},{'Address': '0x47e69ae06f43aaf165f022a45ba1112476034f8a'}
{'Amount': '1260.774447917938245632'},{'Address': '0x3a56524a6a803b06af82589f2437b030dc1e6e80'}
{'Amount': '1258.752868305736026422'},{'Address': '0x19ea85c0d0e52a3c5ecf5038f9ab71241c9618de'}
{'Amount': '1252.195737765682089564'},{'Address': '0x4e421fbda70cdc0a7b252bf5db2a0346525a5128'}
{'Amount': '1238.190934211749232835'},{'Address': '0x17961a736160a5733759e2ba9a132671d1d76550'}
{'Amount': '1218.458284818158093357'},{'Address': '0x37b17ad816f3a3ebc59fd18d79134be9bfb545a9'}
{'Amount': '1213.071127122100141406'},{'Address': '0xb8a9e7fb56122c60aca6a253a56f65a48297f811'}
{'Amount': '1206.636249631867289516'},{'Address': '0x613d048cbd27c709d9a75a18a420882a144c3a5e'}
{'Amount': '1202.593082813588197815'},{'Address': '0xddb50ffdba4d89354e1088e4ea402de895562173'}
{'Amount': '1201.000000000000000000'},{'Address': '0x140401ede59ac94f84cc1a034222a47bd082b65e'}
{'Amount': '1200.914417972078373572'},{'Address': '0x6416ec541cd674d347be59ed2bfed79ea388d043'}
{'Amount': '1200.000000000000000000'},{'Address': '0x15ff82e7bf1383aacb4f6cc4c4678734d16c096c'}
{'Amount': '1181.349211837709304015'},{'Address': '0x0f78f85023bbfbc2e0d4ed1cbcb0267dbbb5ede4'}
{'Amount': '1174.314949072259776877'},{'Address': '0x9008d19f58aabd9ed0d60971565aa8510560ab41'}
{'Amount': '1166.250000000000000000'},{'Address': '0x46426750dc069953b3d78979fd5743c28d8f7596'}
{'Amount': '1166.250000000000000000'},{'Address': '0x292c6dae7417b3d31d8b6e1d2eea0258d14c4c4b'}
{'Amount': '1165.429114756319842446'},{'Address': '0xbd562746c82c9c0458b388c379a8930a21c3e03e'}
{'Amount': '1153.915206254949917846'},{'Address': '0xc0a177953f12f0a22eb4046ef8d06c0cf5e50b02'}
{'Amount': '1153.435205335179013268'},{'Address': '0x271bc1d79a6ca300de99e634e0a0508fa1b0ddf9'}
{'Amount': '1152.389146830824993560'},{'Address': '0xc0e2c772006a5247ef253fc3bb467b7c0030d7fc'}
{'Amount': '1142.208664297096225488'},{'Address': '0x2ca74be68f0a0e053f030d143c1376806babedc9'}
{'Amount': '1140.000000000000000000'},{'Address': '0xbd1f7d88c76a86c60d41bddd4819fae404e7151e'}
{'Amount': '1124.928149203229281948'},{'Address': '0xa860cba0d569454a33b8d311472d639e431e7488'}
{'Amount': '1102.376330001814922450'},{'Address': '0x020891d1e23ab9a8a5cdc6def299761c5aee0b22'}
{'Amount': '1095.321670982537320190'},{'Address': '0x3834f3601f3ea3b9a6537cb19d39cb7eb9bc7531'}
{'Amount': '1094.960951549524972113'},{'Address': '0xce7e15acf3da916a4df4842c3350248ad74ffc79'}
{'Amount': '1092.500000000000000000'},{'Address': '0xd018b4e7fb8aa6d26dc662ddba1c6b6bb88e1153'}
{'Amount': '1086.274414062500052992'},{'Address': '0x8ebed0ff2b0232b0aedbfe6e9c0f72ac72577869'}
{'Amount': '1080.000000000000000000'},{'Address': '0x687a14ffbe207488b9a423f479bf5c046962530a'}
{'Amount': '1072.935885061839243026'},{'Address': '0x734f3ed7d3d606bd3e2410a833b83ecf0317d9f9'}
{'Amount': '1066.619827489342262424'},{'Address': '0xb95a4779ccedc53010ef0df8bf8ed6aeb0e8c2b2'}
{'Amount': '1048.000000000000000000'},{'Address': '0xf7ecbf4f97670d81b4c659f5a7b06b8ce6949b77'}
{'Amount': '1038.006577665484910887'},{'Address': '0x9fd86d2a6c0a8ac88d2c8a165ebe72bd655940fd'}
{'Amount': '1025.118743733474102215'},{'Address': '0xc270b3a8428b222905c2564b0118fb4a0e10bb81'}
{'Amount': '1020.406216921525447358'},{'Address': '0xb30ec70639a499af4b4040e2be7385d44009af7f'}
{'Amount': '1014.393594751967845172'},{'Address': '0x36bc8ab353155d3613f0ff46e6eced244e98c293'}
{'Amount': '1000.000000000000000000'},{'Address': '0xa688d43501d7df531bedcf2176d008996e478b74'}
{'Amount': '1000.000000000000000000'},{'Address': '0xeed7e1c7c9c68611584e8f6230178ce0a48eef7f'}
{'Amount': '1000.000000000000000000'},{'Address': '0x1954412daf4759936f4f0d42e1d2d4449a1a22c1'}
{'Amount': '1000.000000000000000000'},{'Address': '0xc96e7ad39849b44b09fa0d7156f5538fb001c9f3'}
{'Amount': '962.211134978686608369'},{'Address': '0x6683e277e4d031dce7cb8487d966e0d2191635e5'}
{'Amount': '960.189191099107792147'},{'Address': '0x77fb62fcca3ed31b1c546f415cc5a4c563990bb7'}
{'Amount': '959.152784625264232017'},{'Address': '0x07957109221d9e71c83c332a998116a9544e2f94'}
{'Amount': '957.832599228680937842'},{'Address': '0x67227455755e26f20d0f571d9e25160ee5a3f123'}
{'Amount': '954.851758981457346825'},{'Address': '0x13b841dbf99456fb55ac0a7269d9cfbc0ced7b42'}
{'Amount': '952.789467867108310349'},{'Address': '0x9541a4ddbedf7c35ca7b4ab534cc63e908257851'}
{'Amount': '929.999999999983065572'},{'Address': '0x9e906eaca4e08f39aaaf510608792d87370d82e0'}
{'Amount': '900.000000000000000000'},{'Address': '0xb975a017d45cd685fc47bf5cf1938d2ab3515103'}
{'Amount': '900.000000000000000000'},{'Address': '0x9e06af6bdd23d2b3920107f82247ab7ca18bc03e'}
{'Amount': '863.827419790473237439'},{'Address': '0x2b29e2dca8b27e5f30c5fa0f54b802b766fccd4c'}
{'Amount': '830.799492825276565389'},{'Address': '0x79dc3f8ab4cb561ba15aa29503a647201a924832'}
{'Amount': '824.372292924473203230'},{'Address': '0x02ca2568cfd5014566352022d126472b21279edb'}
{'Amount': '818.298148387040504613'},{'Address': '0x14ebcd509a2bc5963b3f0b5ee8e4186a671d2041'}
{'Amount': '814.398080193397406911'},{'Address': '0x53dd88b3bfd53133798a6facccdc714e44e3540c'}
{'Amount': '801.177083578254080878'},{'Address': '0xbfd733f1502da77b3b249257e52deaa897543824'}
{'Amount': '801.161363359272759443'},{'Address': '0x959ad4a87a4039109f9133ab110787679f6d1038'}
{'Amount': '800.909921668621147655'},{'Address': '0x503ce57e0e71a6a043f1d39d78e8ff385f2174f5'}
{'Amount': '797.454948425293103104'},{'Address': '0x1a32dc731b3461ec8811c7ce4a725b7881ff839f'}
{'Amount': '788.401053873148411913'},{'Address': '0x67d004edbc89fc7c925d6bfea49e99c0f731677e'}
{'Amount': '787.248521519103154196'},{'Address': '0x9b9ce348d807da476227bd1e5cc0abc4a1c7774b'}
{'Amount': '760.161785672294261926'},{'Address': '0x09e329413234e621aa810481b271ab80e1fb4ae4'}
{'Amount': '758.375139524051894158'},{'Address': '0x1559bd701eed5bf26778c7eb10b72f58dd1868a2'}
{'Amount': '725.439710450106894184'},{'Address': '0x7f29248210d28b99d54a6b3b5a4729be5838d14a'}
{'Amount': '718.472473144531222528'},{'Address': '0xbe167151c27210a80b40ac2fc48c2955cac921c4'}
{'Amount': '716.525167652902679411'},{'Address': '0x43cf6d975661f0ee3b4536a79c4b5b99e4f385b9'}
{'Amount': '708.259674153924274637'},{'Address': '0x634784c02ef9e546588cb129f07bb15d0bc3d8ba'}
{'Amount': '703.034509938640420407'},{'Address': '0x1b3269dfe161a7c6d79616e2874215ea3e044818'}
{'Amount': '696.199668966782399007'},{'Address': '0x1624b3909fb1cbccfe882c2a05861ce6068e313a'}
{'Amount': '690.093193791607624231'},{'Address': '0x37820e6a522e493135b8e1d80b2c86f59e7da64b'}
{'Amount': '687.575770952991843413'},{'Address': '0x8967fe0bc0917796b14cac543b58cecb5bf1b26e'}
{'Amount': '684.339926885279395067'},{'Address': '0x244b04f7c8cc3a64965fd8734bdaf48c133672bf'}
{'Amount': '678.941641709975912204'},{'Address': '0x1707680a3ca2a42287ca6eb2c26c091e7cd07f3c'}
{'Amount': '676.131759141981836370'},{'Address': '0x7e1feb23c08bfe287f6d3350281029af0889502a'}
{'Amount': '675.770025193308867915'},{'Address': '0x395540b36a8127fa59e09e3491dc69432ac22fe3'}
{'Amount': '674.631831713525978179'},{'Address': '0x2573623e65748f9848ff10caa34bc6931753fc60'}
{'Amount': '640.646555528143670031'},{'Address': '0xd772d4b12e478e5fc6c77d12fe9e861fdccda346'}
{'Amount': '640.000000000000000000'},{'Address': '0x3cc9482a76473db9796044e119a8cd59d7fe7097'}
{'Amount': '638.693352891865511146'},{'Address': '0x27a33493c7430574c4d8cd2d45a4a709cc8176d0'}
{'Amount': '638.059532237882344370'},{'Address': '0x0535f1f43ee274123291bbab284948caed46c65d'}
{'Amount': '635.688746599187721098'},{'Address': '0x5109ed456b83a0ae039b5c3b2e31876025a8efe8'}
{'Amount': '626.155267612428360904'},{'Address': '0xc074887d140e276a8b892222f925440eaf3ff40b'}
{'Amount': '619.429135251091786304'},{'Address': '0x11ededebf63bef0ea2d2d071bdf88f71543ec6fb'}
{'Amount': '617.911862399460902802'},{'Address': '0x8c3de1634251d1e51c28844391fc9c11abb9f5e4'}
{'Amount': '615.361466456633502713'},{'Address': '0x7e5f578d0e4c43ae5c06a19bfb43a539a8908c87'}
{'Amount': '607.266532897949220864'},{'Address': '0x2588253cc1daac3e7d823b9190ec87e75c67f2c4'}
{'Amount': '606.081207983890973137'},{'Address': '0xb47cab2121bbfd2cfea3ad4af4eedd4b2e52dbd9'}
{'Amount': '601.671587338768521253'},{'Address': '0xaa550ff1f5aee58160a459bfffb68fd81dd0d570'}
{'Amount': '600.000000000000000000'},{'Address': '0x6f388ba88e44386d907c0be86baa108ef7956609'}
{'Amount': '600.000000000000000000'},{'Address': '0xdf7b78fc7b5c277cc50feac48c6dee0e448acea5'}
{'Amount': '599.968696776862275575'},{'Address': '0x00e89d657c31682411d499afe1ff4faa4f3eafd7'}
{'Amount': '593.248243807843445266'},{'Address': '0xd5a9c43787c24e9962b8cbe981bed952e042914a'}
{'Amount': '588.550616486980252066'},{'Address': '0xe387378291f4bde9de036db7f581784dfec08e5e'}
{'Amount': '582.266034789029499293'},{'Address': '0x2770ebf12835bbddcbfbebbb48f250ab277f76b3'}
{'Amount': '572.711696670401157456'},{'Address': '0x5d58518c1902ed78c48d77ebe71feede67419438'}
{'Amount': '570.511049622142548291'},{'Address': '0x2e465ddca6d2c6c81ce6f260ab13148d43e93371'}
{'Amount': '567.500000000000000000'},{'Address': '0xedc8501c9f4173e2a76bff49c0b571f14903a7e7'}
{'Amount': '567.000648580700557450'},{'Address': '0x6b58ea6a547a21cbc6a4909d01fc6ab78cd1802d'}
{'Amount': '566.250000000000000000'},{'Address': '0xa512c518813d12bf40989f511a0fb0e08a1f617b'}
{'Amount': '559.362713968219325536'},{'Address': '0xc15d15050e7abf5f955b4cde8867064c618872d6'}
{'Amount': '558.645471777088115690'},{'Address': '0x575d1102ada99d29868cdd083a32511f08d5ef2a'}
{'Amount': '550.327760813195810195'},{'Address': '0xb278ada59e7af95a0c3de7699d8946b853f1e38a'}
{'Amount': '550.000000000000000000'},{'Address': '0xd157944d0a5332a559ba1d30f3bb191a2b7f488b'}
{'Amount': '545.002390102572040835'},{'Address': '0xfb0cc36f27a28cc19c86c156091e2bee7b2f6b69'}
{'Amount': '542.064063549808057336'},{'Address': '0xff8da23b3871e9ad71f27ea413bf69fab8cc2c09'}
{'Amount': '536.952915973800027529'},{'Address': '0x74d973a770e8e58867f7cd5b44798b0ecbbefa3d'}
{'Amount': '533.407883600000000000'},{'Address': '0x4f49d938c3ad2437c52eb314f9bd7bdb7fa58da9'}
{'Amount': '529.216096112592116124'},{'Address': '0x50b03254e1013ab8325db6576dab1b9c5a7d0f3f'}
{'Amount': '527.459058765315243795'},{'Address': '0x6c563336d4a989b4de65bb06cb2311a5c8ba154e'}
{'Amount': '525.531347276988906373'},{'Address': '0x88e399d855118cc0b2b8f0da50a8306e5318eba8'}
{'Amount': '523.945000000000000000'},{'Address': '0x8e1e2eb707151c7634042797a8f8fbfaef16aa05'}
{'Amount': '521.815932990309049327'},{'Address': '0x099500598f7b16cadc124775bdd36db354ede1b7'}
{'Amount': '520.000000000000000000'},{'Address': '0xe873618a077f8ffda058b06cd39d5450240a7d1f'}
{'Amount': '513.561611012089138171'},{'Address': '0x786426191d67a245e5f1da23e70b1266a756b509'}
{'Amount': '511.504093170166005760'},{'Address': '0x446c0d2cc4736e89017a0a7bfc9f1a818b4c14b2'}
{'Amount': '510.154508778751453450'},{'Address': '0xaae8b99133fe038e9dc26c04eec7f2d6b17df152'}
{'Amount': '508.289777679322734103'},{'Address': '0x68e74e66b23c09fd7acca57bea1c6dd7fae8fe0a'}
{'Amount': '506.498933477715377856'},{'Address': '0xbab8e704ca0fca36e0aa14d71c6724bd30f2130a'}
{'Amount': '500.000073551038881144'},{'Address': '0x704330a41116e066f0cab51f0819b9c06a81bfac'}
{'Amount': '500.000000000000000000'},{'Address': '0x187089b33e5812310ed32a57f53b3fad0383a19d'}
{'Amount': '500.000000000000000000'},{'Address': '0xd1d7ca56128c7c7ac815be6c47ea6dcdda0c539f'}
{'Amount': '500.000000000000000000'},{'Address': '0x49ef93e8c66667d48b0e4b7498af2b7f8e72ea06'}
{'Amount': '500.000000000000000000'},{'Address': '0x596248e101ae4add17edf1217e9e2c5422528b0b'}
{'Amount': '495.864025139564993114'},{'Address': '0xca4ad39f872e89ef23eabd5716363fc22513e147'}
{'Amount': '491.599054327057821522'},{'Address': '0x525c9547146f2c2caff32dca2a3fa644ba702b2d'}
{'Amount': '485.291657682875938814'},{'Address': '0x3ffeb696b4b0df2b547d6c1acd45384354e64180'}
{'Amount': '480.301664724448198023'},{'Address': '0x2e1651b8f615f2959aa2daa8aacabe4e3d4b483d'}
{'Amount': '480.233436714265469714'},{'Address': '0x316cf9044e94309abb71b13f0fe016101e50b338'}
{'Amount': '476.154990480723965700'},{'Address': '0x9a65c56caf2ae2e46d1d088a9af7f6bf54bd8988'}
{'Amount': '475.000000000000000000'},{'Address': '0xe2b8c74c8e5601c8adf5a747c4dff3486a804698'}
{'Amount': '472.217430882889294465'},{'Address': '0x051203d8cbd5bec7c146f2069732f2f702090bc6'}
{'Amount': '464.598126553893001754'},{'Address': '0x8a4c39e9c6db1abc300dc2afa7ab6216e34c4bed'}
{'Amount': '456.176309565934032590'},{'Address': '0x952eaf08cd2c24ae6750e85a42589bba4da4a5ed'}
{'Amount': '455.588020699361320350'},{'Address': '0x72af8296d1272deffe909926d1db18ee418542a8'}
{'Amount': '452.535766601562521600'},{'Address': '0xd953df3cda22530d5e30149a97840be3f054b977'}
{'Amount': '450.822953928416485026'},{'Address': '0xdf8d2a986dd8998148893b59fed435cfd8018527'}
{'Amount': '448.248341023689901961'},{'Address': '0x0ce15b159dde11810d63e6e9817535396f173bfc'}
{'Amount': '448.011881854074513767'},{'Address': '0xc25430c20b33a19de1a556194848cc3f6825dbf6'}
{'Amount': '447.609702781775577027'},{'Address': '0x94228872bb16cbcdfe010c42a8e456d15b366bf1'}
{'Amount': '446.891794618939410172'},{'Address': '0xb5169a0fa83fd6e34b9e196a515b74cf30ebf626'}
{'Amount': '444.442910040112719096'},{'Address': '0x6db5e2d66c9d24fe2aa58aa3c369e4d228d672eb'}
{'Amount': '444.122359617838285976'},{'Address': '0xfb2d0b0f0a11de6eb3db51e7418ebc07b143a582'}
{'Amount': '443.469678638586141859'},{'Address': '0x59cc6c8159d0cd9d31ed776a8fe7b39bd8a68c8e'}
{'Amount': '440.917316781100529453'},{'Address': '0xdef1b9be18cd90cf82fa250bc9e9fa94ad96f463'}
{'Amount': '440.868037905665153556'},{'Address': '0x7759d0dbeab2270bea6f35679344d4d67b10cce9'}
{'Amount': '440.719371322827766675'},{'Address': '0xccc62e1722032d97fe8cc242ec0c8194abe9b2db'}
{'Amount': '433.074358852030908077'},{'Address': '0x834b0980549688789af2596496e8924d47f18a4c'}
{'Amount': '430.859364930319583371'},{'Address': '0x6ba68c7a3a8d406d3380b589fcea64a5f6129494'}
{'Amount': '430.398216400105020081'},{'Address': '0x8dd523f85ea4b41578e51084dbb3d579a4ad2154'}
{'Amount': '424.424000000000000000'},{'Address': '0x51458f44f35ae8af27e609090f9951042a6f0455'}
{'Amount': '423.527570567166859026'},{'Address': '0x0d505e2ee16db7655e60d892aa3b760df6830191'}
{'Amount': '413.806243896484429824'},{'Address': '0x34a649fde43ce36882091a010aae2805a9fcff0d'}
{'Amount': '413.658119960283143266'},{'Address': '0x64638859b613cf1d64ea8f0f0caaa07d80aa7451'}
{'Amount': '408.657280638012808749'},{'Address': '0x7422d32cb5919d7478b843ed6729c9aaec6ce4dd'}
{'Amount': '407.402463049931587925'},{'Address': '0x7056bf340c08b611e42663d6dd8c4fa2bc2d6053'}
{'Amount': '407.277722846394063804'},{'Address': '0x04f5cc08ced02de7cd175ca16f153bde43909aa5'}
{'Amount': '403.750000000000000000'},{'Address': '0xb2767a14cabd82d7ade23f4e810a718c64aceb7f'}
{'Amount': '403.750000000000000000'},{'Address': '0xbaf6cdc929d887bb3c1c7ca3726bf2ab39cc4fab'}
{'Amount': '403.750000000000000000'},{'Address': '0xba39bf5db0cc53337ffbf4ab2bd2c014f12d0ae2'}
{'Amount': '401.572476305552126845'},{'Address': '0x69500974718da8285e06ea171b6ce68ac53f480f'}
{'Amount': '400.393462759620995671'},{'Address': '0x5fed920b1b5904c494ca5baa289a153bb8889798'}
{'Amount': '400.000000000000000000'},{'Address': '0x2b91b4f5223a0a1f5c7e1d139dddd6b5b57c7a51'}
{'Amount': '398.268647816477753322'},{'Address': '0x485f5df0654c8405d6124821e95f093adec1b16b'}
{'Amount': '395.262594295533935034'},{'Address': '0x46af9336a1284f00065aec19c82032e1cc5ba96d'}
{'Amount': '394.694577860593965120'},{'Address': '0xdf71df4e6039221b617ad23531b258dd5150c891'}
{'Amount': '392.091439436640620851'},{'Address': '0xb97ba0483f265b13cda929070e09b9bc5a1f44d8'}
{'Amount': '390.385285649866841701'},{'Address': '0x82eb8c413cd4ea66c761272401dc7c96c49a3445'}
{'Amount': '390.372824724431905597'},{'Address': '0x4d7e4b2ad317b0a0eeedde9cc0bbcaf8551a2cb1'}
{'Amount': '387.527249971169106589'},{'Address': '0x18c1c9fe9bb665f182ec3cfb49d2eb770ecbd190'}
{'Amount': '386.243082033572749426'},{'Address': '0xf930ebbd05ef8b25b1797b9b2109ddc9b0d43063'}
{'Amount': '381.072059778146945451'},{'Address': '0x5309746d64bb8b4c983c82e7356d6614f96282a4'}
{'Amount': '379.867908691177568152'},{'Address': '0xef9355e1f3ed17459078dfb54bf609c3f65e3f34'}
{'Amount': '379.372171226610174329'},{'Address': '0x957c696642507ea4d31edd3bdff1ea4e28a0c7d2'}
{'Amount': '376.819816393156901482'},{'Address': '0xebcc959479634eec5a4d7162e36f8b8cc763f491'}
{'Amount': '373.643042961494839755'},{'Address': '0xb50664812b9b26fd14fd9ce438d7e0995ed385e9'}
{'Amount': '370.000000000000000000'},{'Address': '0x7f95d5b2ae15da8611c88ae5a33537c65c0f52ee'}
{'Amount': '369.617725417374065358'},{'Address': '0xbef8627317c75fdab23a4305cedfc472bc21787b'}
{'Amount': '366.733430668413858437'},{'Address': '0xb9d450933ee25697721dcd6d3548f000bd221f88'}
{'Amount': '366.415514550041815376'},{'Address': '0x1411504562fc5893c57a860f50f1d6c82116dcc0'}
{'Amount': '366.250000000000000000'},{'Address': '0x628d896988f2c56921f09df2aed3549cac359774'}
{'Amount': '362.887626285248450790'},{'Address': '0xee7b266a4f92999531072738a663aaece72fa485'}
{'Amount': '359.383771298658683701'},{'Address': '0xc1171d3a46f954e4017230a8cfbfb04544c2246a'}
{'Amount': '358.016416870795593283'},{'Address': '0xb6b7772572c4233fb1028325cb33582254aba3b1'}
{'Amount': '356.250000000000000000'},{'Address': '0x4f7edec176891827d4945ce3e3ccea3438eeae46'}
{'Amount': '356.250000000000000000'},{'Address': '0x1e69fdc52771ff8d8bde8afb68fd6321781bf534'}
{'Amount': '354.677770172201545976'},{'Address': '0x562bfc4a8a5cb49ea478eeb13fecb1e57ec5b718'}
{'Amount': '353.705419786241726697'},{'Address': '0xdba64f019c92649cf645d598322ae1ae2318e55b'}
{'Amount': '350.879484798243048047'},{'Address': '0x579de8e7da10b45b43a24ac21da8b1a3a9452d64'}
{'Amount': '350.186908248829484789'},{'Address': '0xc9c026d92314aaa032cf493db1058b143dbf9aff'}
{'Amount': '347.915875377090807774'},{'Address': '0x711cb3c3e540d225ebc9af32ef763ecb33d465f7'}
{'Amount': '347.015342263632274112'},{'Address': '0x68575571e75d2cfa4222e0f8e7053f056eb91d6c'}
{'Amount': '345.279622532435394378'},{'Address': '0x907a2667a196726eb6e08a187c6bbd268e9ea2a7'}
{'Amount': '344.602099678872431056'},{'Address': '0x9f0e832e2d4b2b93295041241368a57ce3f93c15'}
{'Amount': '338.999347159946069443'},{'Address': '0xd40ff7c99832ca7facf2d174ec04474efc1633d0'}
{'Amount': '338.224209994543333376'},{'Address': '0x71b869b61d91ddc491b64fba0f1ad414649aa263'}
{'Amount': '332.863892249488311954'},{'Address': '0xbda0abf8d80da2bd195ac962c104d29497659662'}
{'Amount': '328.336495254724574734'},{'Address': '0x2dc59761a7f77394b1b388fa7661fc375d22ee56'}
{'Amount': '327.392578013115908835'},{'Address': '0xa97594ac7370595db1b57bdb3241369cf99ce0eb'}
{'Amount': '324.687500000000000000'},{'Address': '0x361fa18e0320e94a3db20912f24de8be76aa0e49'}
{'Amount': '320.141166040355921233'},{'Address': '0x0e43b915d2d03162a36dd72031dd25ac575912d6'}
{'Amount': '320.000000000000000000'},{'Address': '0xf848e384e41d09dce3dcaed37e1714418e68ea7f'}
{'Amount': '316.093596468742511061'},{'Address': '0xffb45754d285fd24613fb0c42e4e6b1751ebebbd'}
{'Amount': '312.573546617087030732'},{'Address': '0x8eaf34baf85f90d1e32e727a7004bf7325771c78'}
{'Amount': '311.216018479533165894'},{'Address': '0xe5c4b8734fe8ed015de38b3dd6ab95e8366a9686'}
{'Amount': '310.755822028251667004'},{'Address': '0x110f0b1faa1cb6eed49883f960808c95f609f6fd'}
{'Amount': '309.825060759156195104'},{'Address': '0x4c21bd527c0d8b84df6d8902308e26f8c8aab466'}
{'Amount': '308.724738581025850176'},{'Address': '0xb2bbbc5912e692666f8e9e2a0ca0382ee328463d'}
{'Amount': '308.558522965865562809'},{'Address': '0xd0494dd775764877021a1cf799f7106b764d7526'}
{'Amount': '307.856855112724586197'},{'Address': '0x969c7e1801e0e56c7aba62f9fd1fa0ebd01d4c53'}
{'Amount': '306.436601519641777489'},{'Address': '0xe6df7d52223a401e6b68ba45aa52dfedc141f25c'}
{'Amount': '305.719788951635550295'},{'Address': '0x63a3bf655377e20f316261b83737b7aa68ed50b0'}
{'Amount': '300.000000000000000000'},{'Address': '0x33ab6fc8eac617a7a6d18e4c7c10b9b85f62ebe3'}
{'Amount': '300.000000000000000000'},{'Address': '0x57e171d2d7106f51a691cb8a030c4f35fa610996'}
{'Amount': '300.000000000000000000'},{'Address': '0xe41d0de430977f6f9a345bd4af5d857eda63ef53'}
{'Amount': '299.407342412961077517'},{'Address': '0x771b9d7e8c6e1b025264183c05a1f784190ca71b'}
{'Amount': '291.650830151167782161'},{'Address': '0xa446014659af25700f8babcc3949fda19915f7af'}
{'Amount': '290.252302796569981164'},{'Address': '0xdca9184f72bcc0838fbcbae7a46a86d9d4a52b63'}
{'Amount': '290.077090738231329682'},{'Address': '0x300ec673f8bfd6200f4829133fc4ebe266bd55ad'}
{'Amount': '290.000000000000000000'},{'Address': '0x32c8a9addf7db2c369337558cd30317b52e7abd6'}
{'Amount': '287.815420800695524154'},{'Address': '0x2b95890732184b1017cf61cd92b0e42cb8b3ca17'}
{'Amount': '286.575931061146345203'},{'Address': '0xae338a90c3c78f3602d7b20d3f349e725cea6c5d'}
{'Amount': '285.112072694962225716'},{'Address': '0xa891183826af953fbc321aae437889544324aa2a'}
{'Amount': '281.057108706207044804'},{'Address': '0x70867141d70b948420b2cb380b36424a235875bc'}
{'Amount': '280.000000000000000000'},{'Address': '0x041cc2266ae38453082b5dcf243b9128ae9f6aa8'}
{'Amount': '279.247455740919250018'},{'Address': '0xe4340a66406e51bb87892e9f437148bd81bb88c8'}
{'Amount': '278.354528602191424789'},{'Address': '0x268cda3b83ae974f57fffb3b3104aa2326bbd620'}
{'Amount': '275.376855491262848456'},{'Address': '0xeac02c51b7e485e2fdb5b6458c22765f322c3974'}
{'Amount': '274.568564380207557850'},{'Address': '0xc82d062c8dfac9f0983242a9b28024279af7db44'}
{'Amount': '274.445366752914377337'},{'Address': '0x213bf21717aee5615aa9fb8837c6ddc955cf724b'}
{'Amount': '274.379247772179984298'},{'Address': '0x4c6e93d6b5775d9c7e1f74d622475ee1ef560cba'}
{'Amount': '268.204608250299244112'},{'Address': '0x252d95edd1fa68bcdca548df93a2738294357188'}
{'Amount': '268.008641556974950023'},{'Address': '0x4d39a1758e3f5008123f81d4c1d2fbaa6ee27aae'}
{'Amount': '267.772411063245766855'},{'Address': '0xe88ad6f28cd3873355df7fcb551eae5eebd98ef3'}
{'Amount': '266.981288996260883456'},{'Address': '0x2e69476d174e9cac1c9c1529c67c5ae66fe933ff'}
{'Amount': '266.112220950486154712'},{'Address': '0xf3fe121f304fe3e56dc93efd1645b48056fee914'}
{'Amount': '262.834354661746014711'},{'Address': '0x64ccd6b5b6450a70104d24ff81a27f538fcd7940'}
{'Amount': '261.250000000000000000'},{'Address': '0x0f7c548c3c100e1ad6a1f092d95884cc4dcef4bb'}
{'Amount': '258.885639894276748971'},{'Address': '0x2bb9f760473cd2695301ab8cf06931d61f0bd4d3'}
{'Amount': '257.811039101978824671'},{'Address': '0xe42571d08da9af7d01a5cbf841a8a18bb409009a'}
{'Amount': '257.073428823060919994'},{'Address': '0x37de7492021fc00797980b1fd05beb3140925a73'}
{'Amount': '256.849315000000000000'},{'Address': '0x412f278b41739c6dc573c6a72a353f524b5a4acb'}
{'Amount': '250.293213486671462400'},{'Address': '0x48fb55ed1fb62ed26274fb805f6444bea97c1f28'}
{'Amount': '249.855174704337633716'},{'Address': '0xb98244bcb2840c33c1b3505fa25f02390a8c632d'}
{'Amount': '248.599193641362265251'},{'Address': '0xff4c311e028ea6dcbf8301e37a009ae749a11108'}
{'Amount': '248.186582518128045820'},{'Address': '0xaac43e87fb35d41be691595ef5acc9acedc06a07'}
{'Amount': '247.817253551669259439'},{'Address': '0xe7cb199c63688705a9fd1963b41dcd3efc598514'}
{'Amount': '246.944127510502701466'},{'Address': '0xa88fae6ba6185e12861ed67382fad9ed110d50d0'}
{'Amount': '245.309880382939547361'},{'Address': '0x794783dcfcac8c1944727057a3208d8f8bb91506'}
{'Amount': '245.097896916005380286'},{'Address': '0xd1fcab35033c962e0c0b479b12940ffee9dcc1b8'}
{'Amount': '244.897959190000000000'},{'Address': '0x1acd732f430fe43814130d349715f8829ad65536'}
{'Amount': '242.365214466497429742'},{'Address': '0x7b6003b6c6ea40901f184f6962e73d6b5be5b17c'}
{'Amount': '241.018400051342926201'},{'Address': '0x7d1080c17f42a8bee86f1939b274b81d5bcda53a'}
{'Amount': '240.414457618354090632'},{'Address': '0x5bfa7a7951b182ed83ee819a8ab4da546ed4a493'}
{'Amount': '239.533887260471688072'},{'Address': '0x1dc8a6d263043775b26ed713762aa54d588f8852'}
{'Amount': '237.500000000000000000'},{'Address': '0x9e67e0317e0d904c11964f141122e1f77e918ef7'}
{'Amount': '237.500000000000000000'},{'Address': '0xb04a6db13942b6d4416abec5a8327866375c17a4'}
{'Amount': '237.500000000000000000'},{'Address': '0x654e294458421e5c6d533e1ce3a1484206bfbef8'}
{'Amount': '237.500000000000000000'},{'Address': '0xae3c67b8aa12e458f2b4eafc0e9209710582c9d3'}
{'Amount': '237.500000000000000000'},{'Address': '0x0a9958c2c901f97d23ef41980a2a9a4eb5d9c122'}
{'Amount': '237.500000000000000000'},{'Address': '0x6ec584083701936ec4383c6c902c4df45d86e7e3'}
{'Amount': '237.500000000000000000'},{'Address': '0x01b45138c79d97335df9fef8c3a325eaa764d29c'}
{'Amount': '237.500000000000000000'},{'Address': '0xd8fbb76d51fcb06d6d8dc29d0d3d69d2a6f41b0c'}
{'Amount': '237.500000000000000000'},{'Address': '0xd0b8713f219d91dfaa98a3807764e700af5c5546'}
{'Amount': '237.500000000000000000'},{'Address': '0xdec41ab8a95cd64e9952addea8ee8afb11c294b9'}
{'Amount': '237.500000000000000000'},{'Address': '0x53fad1623bc32399dcabcc2164e57e1bc549593d'}
{'Amount': '237.500000000000000000'},{'Address': '0xb5f36c27c64686761873e7cf23b4503023327a70'}
{'Amount': '237.500000000000000000'},{'Address': '0x7e118a15c43b8f56cf69a4536fdd2404ac457552'}
{'Amount': '237.500000000000000000'},{'Address': '0x239b74c2e5505634b7c38c8eeb1de385a16e24e2'}
{'Amount': '237.500000000000000000'},{'Address': '0x4d1be92fced27f333030223575c9635fd6a020e2'}
{'Amount': '237.500000000000000000'},{'Address': '0xaa01dec5307cf17f20881a3286dcaa062578cea7'}
{'Amount': '237.500000000000000000'},{'Address': '0xfabd882c6638939664a7a79a0cd4e139094cfdfa'}
{'Amount': '237.500000000000000000'},{'Address': '0x9ec6ee6943b0fc266fe86539060e0b527db5b3bc'}
{'Amount': '237.500000000000000000'},{'Address': '0x13dd4c65252274a442428039ae815f3a13e84ff3'}
{'Amount': '237.500000000000000000'},{'Address': '0xeddc40555769e0a4d6e00ff55b9d37cd6ed8c3ce'}
{'Amount': '237.500000000000000000'},{'Address': '0x2b6561e955965db87f48963e1573f819c31cdaf0'}
{'Amount': '237.500000000000000000'},{'Address': '0x86a0bea00c6daa666abe9d6c6b4f18654c3d14a2'}
{'Amount': '237.500000000000000000'},{'Address': '0x9c0d72f2ac26420cb7eeb155bf401b672840e87b'}
{'Amount': '237.500000000000000000'},{'Address': '0xdac042b2a02fcc18b09b9597fd15faa169dd7e60'}
{'Amount': '237.500000000000000000'},{'Address': '0xf9a371ae12e867115bc416ea4064ec2da58a17d3'}
{'Amount': '237.500000000000000000'},{'Address': '0x4c5d0317dc00719a1fc07b5be10cdcaac8d84e97'}
{'Amount': '237.500000000000000000'},{'Address': '0x975779102b2a82384f872ee759801db5204ce331'}
{'Amount': '237.500000000000000000'},{'Address': '0x1bfb7dc05207420c35d0f003c423049bc168e8f8'}
{'Amount': '237.500000000000000000'},{'Address': '0xce74f4a7c96873b76ce10895ab8292c188469786'}
{'Amount': '237.500000000000000000'},{'Address': '0x9a26aac2b6fec5dd0463fd5c088a05049b835edb'}
{'Amount': '237.500000000000000000'},{'Address': '0xc0afef712a1341ca78da145b2afad346e8c3574f'}
{'Amount': '237.500000000000000000'},{'Address': '0x20e2086b6e9a3213b3b431f277a327a34e5654b5'}
{'Amount': '237.500000000000000000'},{'Address': '0xb4b9ad3236d73c3a5dd57980baea5bea0bfad6d5'}
{'Amount': '237.057979726171962886'},{'Address': '0x413beb2cfd791e283cdd730d817917a251d50eaf'}
{'Amount': '236.250000000000000000'},{'Address': '0x85c2a4b851a3a83da87a7bd46f4ca64e207d7e36'}
{'Amount': '235.686033616272886724'},{'Address': '0xc44505d1111ec42279aede122a77cba17359438d'}
{'Amount': '232.556614852804214826'},{'Address': '0x7524e8176b1b6ca1dede787502868e3234dc7db3'}
{'Amount': '231.513228286813366294'},{'Address': '0xf696006bb0115ad3ea09e19f2488ae624dfcf380'}
{'Amount': '231.355540062754787720'},{'Address': '0xb21d8be8ec774d7d84d9e5f3ecd004f377909d50'}
{'Amount': '230.630432662462132776'},{'Address': '0xa1c0c60330cc521ca4c5deadfe145822559bdf0a'}
{'Amount': '229.706919508647616165'},{'Address': '0xb5a125cdb06c0291b88415d333cccc93c1e1b3ea'}
{'Amount': '228.657456948482439170'},{'Address': '0x81a5cd3ab89e208070fb4bb064f83a5f73286106'}
{'Amount': '226.260133789070183743'},{'Address': '0x0900a13fb9382c6668a74500ccce70eb96385e0c'}
{'Amount': '225.528064329381852268'},{'Address': '0x6a1afc8a229d820015361da64819e64e6a0258f9'}
{'Amount': '224.071106536728448448'},{'Address': '0x56fafb3aca5dbf6319840fb157271e5b503c35e5'}
{'Amount': '222.100463561925489747'},{'Address': '0xcb9bef92141761ec566cf0fe091fb58b8d58bd52'}
{'Amount': '219.133221582699783710'},{'Address': '0xc8a6228fb4be8463bab440812420c5054a5a9ba5'}
{'Amount': '218.734007018086370259'},{'Address': '0x443eb1f18cf8fd345df376078c72e00b27e3f6a3'}
{'Amount': '218.073204513763859052'},{'Address': '0x077e5b0e441dfc27f871a99c7a5cf915819e42dc'}
{'Amount': '216.404602786414754436'},{'Address': '0x68f935ca67b4135f62b9e7ba493c8cfabad34de3'}
{'Amount': '215.450183539869076602'},{'Address': '0xe3313b4f780a7bc31ef85fc3592be1f3c9589d19'}
{'Amount': '213.750000000000000000'},{'Address': '0x1e39cc29009ed4760c186d8771295c1e224882d4'}
{'Amount': '210.809347158092581677'},{'Address': '0xd2b8051f58a35e100db40142ef0a9d716bef75b1'}
{'Amount': '209.590141773223821312'},{'Address': '0x9a146f5292b4b083692804e3771297dfc665fb2a'}
{'Amount': '208.520563941286236778'},{'Address': '0xacfb8ad9ccd9fd9836f5e68599e72c78b16c54f3'}
{'Amount': '208.369242288521881525'},{'Address': '0xb22a4f377eea35434f537f5b4fd977040eededb5'}
{'Amount': '205.806911826879037244'},{'Address': '0x66a67b259ecc53ec55d8aa45bcdebf3109a4738e'}
{'Amount': '202.858592299539292488'},{'Address': '0xb2b80bc9db4aa0a07c34d246a44152becb827103'}
{'Amount': '202.221801812216592349'},{'Address': '0x9c48d7b9e2dc3c625b5ad89cdcbae6b9d256fcc2'}
{'Amount': '202.086325143391381625'},{'Address': '0x7cc0ec6e5b074fb42114750c9748463c4ac6cd16'}
{'Amount': '202.000000000000000000'},{'Address': '0x7a84b3caac4c00afa0886cb2238dbb9788376581'}
{'Amount': '200.619043854753685879'},{'Address': '0x0e64cbca254788df4a8d29e3721d077d91d0d92a'}
{'Amount': '200.000000000000000000'},{'Address': '0xcce275c63f3a3a6c3aef9488012a89d1ce9695d8'}
{'Amount': '200.000000000000000000'},{'Address': '0x0e22db10f92e718d4ab6fbf127f75f7ede2f61e1'}
{'Amount': '200.000000000000000000'},{'Address': '0xbc622abc50bd6155e0ddf32b80e7a5f03bac4103'}
{'Amount': '200.000000000000000000'},{'Address': '0x06899b851e0cc9b1e9348c0e985e6c5454bbd889'}
{'Amount': '200.000000000000000000'},{'Address': '0xf0a25fbbbc743dc5b7a843b7810919b3b5ce0486'}
{'Amount': '199.599631562325225430'},{'Address': '0x5dcd83cf2dd90a4c7e1c189e74ec7dc072ad78e1'}
{'Amount': '199.540382769288957792'},{'Address': '0x99105365d51250c71fbb0d59113a80996b301cbd'}
{'Amount': '199.315627434351154505'},{'Address': '0x5d282a23c6ab3c3f5ac11c9edc0934ec235709e6'}
{'Amount': '198.094413757324197888'},{'Address': '0x60e2395030cf5f1ec962de5596fa9ab0bf88fb4c'}
{'Amount': '197.350339446289139554'},{'Address': '0x7f072a050d67ac259f850ae90237199f6855b1f3'}
{'Amount': '197.346271963114188553'},{'Address': '0xce81ba8c9e725c879f24e42a5a8ab0af303fa9d5'}
{'Amount': '196.031092986578329042'},{'Address': '0x1955628a4992f2f25936adeb54ba14132f690afd'}
{'Amount': '193.373975460879498515'},{'Address': '0x5ad9a1df83b3dcca467e19dff7f53b0bd0ed6974'}
{'Amount': '192.997581497971455884'},{'Address': '0xed24d5d6377b090357f6a73a3e184037a5f176e3'}
{'Amount': '192.781757903842381098'},{'Address': '0x8841554c6798ade7f54660574c543edf9b2d330a'}
{'Amount': '190.010018222947316032'},{'Address': '0x0f1c46cd436dbb506823ea88000245d9a2e0cd55'}
{'Amount': '189.205833896042563709'},{'Address': '0x10fd32fd1932321b8adfa91fbf6dc126f773d655'}
{'Amount': '189.191679031246746150'},{'Address': '0xefc7d9e7e573c15e19ef8f35a5c2e007a5960454'}
{'Amount': '187.644716721222721407'},{'Address': '0x77fa9c28439521b6c4af6cb6e80ff5ebc23166bc'}
{'Amount': '186.323519326770646498'},{'Address': '0xff6368422ab53d91e69173ffffca413c5f625e1b'}
{'Amount': '185.162995239528380215'},{'Address': '0xfce46d1319537763fae81b211e713b0105f74eee'}
{'Amount': '183.244720726008910655'},{'Address': '0x4e37c68cfa4edde373185ea7ac443af89a3b8c98'}
{'Amount': '182.463984142006429097'},{'Address': '0x6a0d8228ce8af2c2ea94f553054e87cbc31ce120'}
{'Amount': '181.235569677506645337'},{'Address': '0xb20d4c027525dc65de13c5763510cf3ceae28788'}
{'Amount': '181.202163234073693036'},{'Address': '0xc0b53221a7dbcbce68441c26ea4da73266d6bc20'}
{'Amount': '180.000000000000000000'},{'Address': '0x92cfc1c067ec6259b9019ce897d9035a01b1b750'}
{'Amount': '179.802487603717581101'},{'Address': '0xf762e5b40928ae836ab3c788bf9e08ee38c1feef'}
{'Amount': '179.566538713289725144'},{'Address': '0x702947630a359934d74418eafc9e589438c1a27f'}
{'Amount': '177.529654678383569363'},{'Address': '0xbf6950e96719aacd1f787be2e6c99359a2500402'}
{'Amount': '177.404326319694512128'},{'Address': '0x4cbee0ce7a6a9ecd0187f40f33fd386e44ed48c8'}
{'Amount': '174.563406915037860118'},{'Address': '0x884ed5bcdf0abd436cd9dceaf3923271c7cd0b4b'}
{'Amount': '173.027217918880358116'},{'Address': '0xbdf40efbfc11d26ef97698c4b42865af85552139'}
{'Amount': '172.000000000000000000'},{'Address': '0x4f8411d026807fa082ab7eafea0c50a46f439ba5'}
{'Amount': '170.545697625436013714'},{'Address': '0x299f03170913b4fd3158100dd5e5cc97fd0b0967'}
{'Amount': '169.250000000000000000'},{'Address': '0x116652732b19f7db6ee3b1d3075e87400ebd981d'}
{'Amount': '168.487495178380260599'},{'Address': '0x97b102e00d88f02debfd6b1e4b901dd6931bb982'}
{'Amount': '167.378924550142162185'},{'Address': '0xc663d040146b21fe6dbfa9be228f44ced02c0735'}
{'Amount': '167.250000000000000000'},{'Address': '0xf1fced5b0475a935b49b95786adbda2d40794d2d'}
{'Amount': '166.250014286191675477'},{'Address': '0x1f41a778350f819a686625b506545242d1fcf418'}
{'Amount': '166.250000000000000000'},{'Address': '0x11da9ab55b7c59803d0e05b6550ddd0c0500430d'}
{'Amount': '166.250000000000000000'},{'Address': '0x6a83ff073908bab544e927e4db4098f9517370ea'}
{'Amount': '166.250000000000000000'},{'Address': '0xda248cc10b477c1144219183ec87b0621dac37b3'}
{'Amount': '166.250000000000000000'},{'Address': '0xc00696aaa55cdd53eb25e83ccf23552db5004748'}
{'Amount': '166.250000000000000000'},{'Address': '0x16fa726194455920044773c075fb4e2b385e337f'}
{'Amount': '166.250000000000000000'},{'Address': '0x28990952850fcbd63571296fd32736f78c2ef471'}
{'Amount': '166.250000000000000000'},{'Address': '0x4ec5ac80991913b88035d6a0002e76c1418bf356'}
{'Amount': '166.250000000000000000'},{'Address': '0x48cc769891b1802eebb4dcb2d34cdec962598fc6'}
{'Amount': '166.250000000000000000'},{'Address': '0x8e540588a9983f668854c683aa12e49f631ac8a1'}
{'Amount': '166.250000000000000000'},{'Address': '0x252e755372c1ab3392443e5056cc6c3a85aa5d6d'}
{'Amount': '166.250000000000000000'},{'Address': '0x3b36997337d9bc290af1c3fb924a85b32d94b880'}
{'Amount': '166.250000000000000000'},{'Address': '0x54dd9c997ad6dbd6678852f94371741f07e1bdd0'}
{'Amount': '166.250000000000000000'},{'Address': '0xc6da898a7fd1f40ab32f6845b7c289162e9147e6'}
{'Amount': '166.250000000000000000'},{'Address': '0x166726ae0b0d93a011e50c1cbdbbaa39dc2b2ea2'}
{'Amount': '166.250000000000000000'},{'Address': '0x502f07431c5b36b5b26edb0a5834a4692f04c096'}
{'Amount': '166.250000000000000000'},{'Address': '0x6cfe9755269786f6681518c00bd22801f98f9e57'}
{'Amount': '166.250000000000000000'},{'Address': '0x6ce619d11a0c2a9a9ee23b40394efd3f4dd60ce1'}
{'Amount': '166.250000000000000000'},{'Address': '0x514b1861561fddf86baf8462e001a1584e1b7b83'}
{'Amount': '166.250000000000000000'},{'Address': '0xec0b9922a0529af362a13a6124a552c6bb643c9e'}
{'Amount': '166.250000000000000000'},{'Address': '0x2beba030cdc9c4a47c5aa657974840428b9fefac'}
{'Amount': '166.250000000000000000'},{'Address': '0x2616a4931b65c24cac03a4f06660e83e33d54e5b'}
{'Amount': '166.250000000000000000'},{'Address': '0x8cc8aa103bfe1cd8755dc80c64539370b587909f'}
{'Amount': '166.250000000000000000'},{'Address': '0x0cb10bdb8b15ec6cc3ff6883a1f3849345a67bf8'}
{'Amount': '166.250000000000000000'},{'Address': '0x2de2299db048a9e3b8d1934b8dae11b8041cc4fd'}
{'Amount': '166.250000000000000000'},{'Address': '0x00e2cd5597c1253ef1460e3ba2d89186263875cb'}
{'Amount': '165.204101887069933570'},{'Address': '0xe57b5538ed089e9376851c639598859aae3bc9fe'}
{'Amount': '164.352044166509706834'},{'Address': '0xcfb3095e7b53f38a2400309249a0619b601f0fb4'}
{'Amount': '162.393025450537717131'},{'Address': '0x527cb89984a4d3e9aabc731649f2491b6e3af557'}
{'Amount': '162.170184097815738188'},{'Address': '0x31ce8b8ea3b8ad61780775828aa3bd874b1010fa'}
{'Amount': '161.645747197404329977'},{'Address': '0xcb84d6eed3e814f79a1bcacacdfaa8f5f3e3a03a'}
{'Amount': '160.736277187283344770'},{'Address': '0x818b84cc4c3012cb6b36bfb627fd82438718fc7c'}
{'Amount': '158.943051739232797003'},{'Address': '0x00c17433e7618070320ba4482264b748e938fcb9'}
{'Amount': '158.535191731227228134'},{'Address': '0x84572c31acdd30c03982e27b809d30b1efbcd8f2'}
{'Amount': '157.768199576996282368'},{'Address': '0x1bc9b2b85a8a9ab96c835d1143269df662c87a07'}
{'Amount': '155.928895732399417197'},{'Address': '0xe6ea861295af4e0d0d7f331c7b950f7da3a9d265'}
{'Amount': '154.763740564100532238'},{'Address': '0x59a7dfe241f6746d10fd22e20ad161e0566f71d7'}
{'Amount': '153.061224500000000000'},{'Address': '0xe9e9bd78c30e6b1b5a48cfad6ca65fa728e4eeef'}
{'Amount': '151.949382016388191695'},{'Address': '0x7f82e84c2021a311131e894ceff475047ded4673'}
{'Amount': '151.587445372700962559'},{'Address': '0xb1720612d0131839dc489fcf20398ea925282fca'}
{'Amount': '150.753537483353829381'},{'Address': '0x7879cc2c7194e88d702d04bd08566d14849a12bf'}
{'Amount': '150.490087242558054640'},{'Address': '0xffd91d21aada737a54902e5c09f4af5a8e52252d'}
{'Amount': '150.138472524383366195'},{'Address': '0x819af1ddbde5813a135b2d8eb7e6987cf7972c87'}
{'Amount': '150.000000000000000000'},{'Address': '0x205970c836cffffaf43bef3642ca371facd2f93d'}
{'Amount': '149.244631489854650727'},{'Address': '0x19ab4a9a5b0106116302c0a91daee5b0aeb15f38'}
{'Amount': '148.865219696674908122'},{'Address': '0xee98bdcdf20997ddb097ed4582efed9de87739fe'}
{'Amount': '147.499386040806602534'},{'Address': '0x3fae23168f8f8d79bf3d24cc64bf34f2399b8715'}
{'Amount': '147.494975667081248571'},{'Address': '0xc5e1182c5a0201e64becd272e6f891e6cc7bf28f'}
{'Amount': '146.379424989558818720'},{'Address': '0x76945df4c99a97606d375c1c2e5aa7586ea44c68'}
{'Amount': '145.126151398284990582'},{'Address': '0x71e979106d173683baf4e2b10d84b5cedfaa05e1'}
{'Amount': '143.668730950918403482'},{'Address': '0x4efd734e01f46610c14887b21a4c5bdb3d2506e1'}
{'Amount': '143.624840089677865958'},{'Address': '0x5b4aeb1c75d77a80c7d6fae8c326b91b690edc81'}
{'Amount': '142.688092758359953716'},{'Address': '0x861aeb61bba6ec72f88f387203cfa99d13b500a1'}
{'Amount': '142.589481440261151996'},{'Address': '0xe223eb5a31ab3b5fdcf8574189a6bfd8d8962f0e'}
{'Amount': '142.457838896052627285'},{'Address': '0x8e8bc5007ba7d96cec2a3b12b2563bb3a6c7848c'}
{'Amount': '142.076976395455581511'},{'Address': '0x0b7d3ae92b6f4a440bacc4b9826ad2b4c35a12c8'}
{'Amount': '136.451559782184895051'},{'Address': '0xbd0006280050a3c52706108036eaabc3f3f28e8d'}
{'Amount': '135.452491278684827767'},{'Address': '0xf6686f83f67efe605020dd545212a881e0a39007'}
{'Amount': '134.761976712423479306'},{'Address': '0xd50bd790e2084344b2c8e6e9ed309eb5b9f14678'}
{'Amount': '133.458042100560116007'},{'Address': '0x8433253f49c835df5782abe1e09e113dd63e5b4d'}
{'Amount': '132.027226105598679103'},{'Address': '0x5e0e053e77576ee40f05bbe6ca95481e14b05f76'}
{'Amount': '130.613536258456491524'},{'Address': '0x0e86cefb2d576e93ad13aa43227dc8915ad84b23'}
{'Amount': '128.986750441358674515'},{'Address': '0x7b1119ebff23c92a3b3e772698164dfbc9d8541e'}
{'Amount': '127.427013690787974456'},{'Address': '0x94a292203ee7e4352ce9109913d91aad49d70485'}
{'Amount': '126.453335837046917865'},{'Address': '0x7000ac1fbeb346692878cec9e3823cff0d782b72'}
{'Amount': '125.062220526201739608'},{'Address': '0x30e11817127f5e530ec63c56c41190d3ea566b95'}
{'Amount': '125.000000000000000000'},{'Address': '0x63485d2a6ab6a698ef6d4c5547ab0b756200ad11'}
{'Amount': '124.128854653371861335'},{'Address': '0xe544ab9248c552ef94657c85b185459ced337e68'}
{'Amount': '122.896978246885728549'},{'Address': '0xeed83b49997186e2343efaef9edac7920787573d'}
{'Amount': '121.469748298488359667'},{'Address': '0x83090029c7f7c50b2c365648161c2f9c36bc58bd'}
{'Amount': '121.168931993016975009'},{'Address': '0x0518ef98579643c118afc080013c3964bbf54239'}
{'Amount': '120.602853439594130637'},{'Address': '0x8431315e0c4236841594842bc8425f0073044667'}
{'Amount': '120.000000000000000000'},{'Address': '0xe80f9a8cd06cf024a55febeef8cafe4d132e79ef'}
{'Amount': '120.000000000000000000'},{'Address': '0xfabdb57c6c35201b1583120cd35131dd2abc04d6'}
{'Amount': '120.000000000000000000'},{'Address': '0x4f951dd02f8d1fa6c9dcb4b9317c10311be497fe'}
{'Amount': '119.639737208386354374'},{'Address': '0x13f0270eb5ee9ded262f491a0f74a02510111c9b'}
{'Amount': '119.327511583970405394'},{'Address': '0xb5a44112a6025330d2e8f48af6620b64b6f5750c'}
{'Amount': '119.045217902058197710'},{'Address': '0x79d2584a48aca12ed120280e8c1bece04d2c96dc'}
{'Amount': '118.440709001828396118'},{'Address': '0x38d1dfc5d7abb5b32888499265dad7786b10fa7d'}
{'Amount': '118.332234719227286619'},{'Address': '0x218955960c005958b1d2e4d6292d95058dbfc085'}
{'Amount': '117.850280000000000000'},{'Address': '0xaa24f290ab684d995ba45805dcf3a3cdbf0d34f9'}
{'Amount': '117.785797681747418021'},{'Address': '0x93ebae4baa530ac745b9df66dc65757ebf96e07d'}
{'Amount': '117.717534870870166060'},{'Address': '0x3bbf8d701f5356ea9d75f7a3892972b27d99ad47'}
{'Amount': '117.335457541090202412'},{'Address': '0xdd9f24efc84d93deef3c8745c837ab63e80abd27'}
{'Amount': '117.019834546068148495'},{'Address': '0x4470e767ca1fdd1469a8e1e5d7592c4097065402'}
{'Amount': '115.189139471206548682'},{'Address': '0x3b3d1a95c51a8a9c59b6b335e8bcd43e01cc4135'}
{'Amount': '114.713280314918601962'},{'Address': '0xf68d2bfcecd7895bba05a7451dd09a1749026454'}
{'Amount': '113.816078605990144953'},{'Address': '0x4bf1fbc233cd6109c35a4cd9d34540173af3234c'}
{'Amount': '112.596782007463245969'},{'Address': '0x55844a810d4c72aad5f09067578ed1b896971491'}
{'Amount': '110.190939758331435210'},{'Address': '0xab1e44876065bfde5f4c8ed319e8c58825be6572'}
{'Amount': '107.033700794532147038'},{'Address': '0x8679363d3ad84555c95b6e7f0d9f38ba5df5b32b'}
{'Amount': '107.000000000000000000'},{'Address': '0x4a2d6c5f5af43d46d87ee1ff719bd877d9bb90df'}
{'Amount': '106.872145250534322372'},{'Address': '0x73f3fad03615a9c07fbeaffac220a791a734a67a'}
{'Amount': '104.470142136557981577'},{'Address': '0xe5b1fb66ed888fe5a0f30748248aa026a61ec480'}
{'Amount': '104.107062447191274479'},{'Address': '0x864de5bbaf4b8c808e94a8385b95b0855d170137'}
{'Amount': '104.000000000000000000'},{'Address': '0x270f2d457ffa8f362c1f9b58e9ce4902c3809bb1'}
{'Amount': '104.000000000000000000'},{'Address': '0xffe3864f228e6994a979368e483b4a3e4c4b7871'}
{'Amount': '104.000000000000000000'},{'Address': '0x9f4625288fb381f74285ba84230403ce4b8a6c1d'}
{'Amount': '104.000000000000000000'},{'Address': '0x94811c6f7694760963d01b512d7b890ea3c504e8'}
{'Amount': '104.000000000000000000'},{'Address': '0x6877fdeac0d0d5d61b4ca3bbd42501a2ff02c144'}
{'Amount': '104.000000000000000000'},{'Address': '0x7017d510360a4878ac9045d2a39f0098a60b901e'}
{'Amount': '104.000000000000000000'},{'Address': '0x342dbe30830a152e9493905372655d2007199a9b'}
{'Amount': '104.000000000000000000'},{'Address': '0xda17bf078ff538a65e170bc9000a3108cb183d99'}
{'Amount': '103.084493631594808089'},{'Address': '0xc8bd664f23edc9aa32cd1b80caa8de9b85570d2d'}
{'Amount': '102.833886020088101065'},{'Address': '0x3d6b617d2c441da58d4c215afcee6504274acd18'}
{'Amount': '102.044177532196044800'},{'Address': '0x46bb6917e06b8f02cd23668bc28d67d9d628d26f'}
{'Amount': '101.998491440049887558'},{'Address': '0x1924e8f3360a5abfff8810a6e6f98dd824274cea'}
{'Amount': '101.802302159769976685'},{'Address': '0xe0f6841f9e1ed7d1129c41dcb14e00e1339707bf'}
{'Amount': '100.000000000000000000'},{'Address': '0x828206d8b8538a322dc3b55d8c3614cbf6402b4a'}
{'Amount': '100.000000000000000000'},{'Address': '0xf0d0be6ac03901d4d659005fafb687abbd2dbe91'}
{'Amount': '100.000000000000000000'},{'Address': '0xf4fec5e09ea6d2921091dff24b1fd1fea6f1b682'}
{'Amount': '100.000000000000000000'},{'Address': '0x5d01b5b5bb3707463e0da85b21a9aae92e719a0b'}
{'Amount': '98.817084700986810236'},{'Address': '0x4194ce73ac3fbbece8ffa878c2b5a8c90333e724'}
{'Amount': '97.194649441431933064'},{'Address': '0xdd0a15e945a9d95c48a1a26bc7894ab2a7b71417'}
{'Amount': '96.531858239369139838'},{'Address': '0x1347f4df060e5412ec886746c36dda097ca72f36'}
{'Amount': '96.145620361129616583'},{'Address': '0x516fca170bfe24bfc54e01f215ef85fe9b5b798a'}
{'Amount': '96.089648727925133850'},{'Address': '0x274a434f95cfe49702df41022f2fdb629267f3c8'}
{'Amount': '92.370434896466670839'},{'Address': '0x4799328a31a08a0c951cccf03d961f08a530d1f3'}
{'Amount': '92.359626026856977750'},{'Address': '0x527eb52f647dd851d19fd97c25a740edae6fc5d1'}
{'Amount': '92.144996166229245952'},{'Address': '0x166d51d2834856aeb852ebdf7b77b6148f0eae22'}
{'Amount': '91.836734690000000000'},{'Address': '0xa50341f5e72ed061cd0adbd338cbf070dc45784c'}
{'Amount': '91.000000000000000000'},{'Address': '0xa6659387d2cc8134791c5113b153c737f013126e'}
{'Amount': '90.044888352531925482'},{'Address': '0xb82f45a2ef5719f806cb49c0e10c98a3fd44a580'}
{'Amount': '88.000000000000000000'},{'Address': '0x45e63d85d925ae04e37681c9ea9bd2c0e4d67fcc'}
{'Amount': '87.657666009007963088'},{'Address': '0xac943d17388034d1e41e29768b3acf2118d9aa50'}
{'Amount': '87.629391450636042406'},{'Address': '0xa7022bf9785c7328532d2696b7ae3204f313a7e0'}
{'Amount': '87.500000000000000000'},{'Address': '0x8add243ef79bad15ca395283cce61f866e719037'}
{'Amount': '87.095519170894250239'},{'Address': '0xbacd5e61b6460944cd9f6ccf16be7da782835a5a'}
{'Amount': '85.548653970694193545'},{'Address': '0xb80ada95cc9068b709e8c76fba796f7c4b8cde8e'}
{'Amount': '84.726947452142930711'},{'Address': '0x85373cdaf703f75465c6d0e54f2530191aa6c448'}
{'Amount': '84.289066232750423968'},{'Address': '0x4ed6dd5029610690d2abf590437c0a9586dabdcb'}
{'Amount': '84.008617005161512461'},{'Address': '0x594688411b012d45f08f6c1fe28b79787a638269'}
{'Amount': '83.732839514550842169'},{'Address': '0xbf99e2439e072ce8f6bb8e119e6c6149aeabfcbc'}
{'Amount': '83.708996222662851666'},{'Address': '0xf5c8b9e099058e5d07bb8a0adbcc8557a4c2ce9e'}
{'Amount': '83.133848608845465581'},{'Address': '0xa25547a556439213176f9fecec50acc863305f59'}
{'Amount': '80.195297241210945536'},{'Address': '0xf5be55cbbb102ed3403a6907dacd1f90ea584e7c'}
{'Amount': '80.108000000000000000'},{'Address': '0xde9bc027d35d6b570fe9b65e86ea2073fc2c6c8f'}
{'Amount': '80.079109800075123455'},{'Address': '0xadd2ebb9ffc66cfbb3517241dc2fed93358e14cf'}
{'Amount': '80.000000000000000000'},{'Address': '0xe64f0612999318bae594c8e859ecf2f363bd6386'}
{'Amount': '79.365001934552901766'},{'Address': '0x17bf56c4b9458258c173f0b93d79938738211313'}
{'Amount': '78.750000000000000000'},{'Address': '0xc4d57904c4435a9348b56051e4dea6055d85a6a9'}
{'Amount': '77.144439593652843317'},{'Address': '0x34cc54f3c65e6e6cfd1f05e2ad0540624a5eff24'}
{'Amount': '75.962679952629812797'},{'Address': '0x4d6ac601bd33ff1e05d31b7427f3f35a621789a1'}
{'Amount': '75.939866271315917586'},{'Address': '0x4d588b27603d9b8fe28989a2bbdf0df2cb7dec56'}
{'Amount': '75.039532659107916934'},{'Address': '0x392bd4b4d4dfe5a3ab4370e348f90d1d508285bc'}
{'Amount': '75.000000000000000000'},{'Address': '0x9250dccb32c94125326c5e4dc3329dccb2d804c4'}
{'Amount': '74.924817509680548556'},{'Address': '0x98826e49ebe9201fda844940929edcb2497b5763'}
{'Amount': '74.785083783086194572'},{'Address': '0x63e7a104bd5c9437a4eae0c76ea0dd4a654bf616'}
{'Amount': '74.156020847382751176'},{'Address': '0x6ec886efcbf5bd5f477c54b773e14d370021800b'}
{'Amount': '74.088511118410797942'},{'Address': '0xead824925e715ac961f94b3c05ddaec568714737'}
{'Amount': '73.759506433450601396'},{'Address': '0x178689a02a03f6fddbc20e40fe90487906aee39e'}
{'Amount': '72.812890077161901283'},{'Address': '0xffa0a4ebe21235efc0d083fc453e927cb2a5e768'}
{'Amount': '71.761279441577617691'},{'Address': '0x530943538970989d38cb692665b23ebf93edc76d'}
{'Amount': '70.239264348887815441'},{'Address': '0x07bbf9fdb156f298bec53cefa3652954a0738ed1'}
{'Amount': '70.000000000000000000'},{'Address': '0xef5ad662a5a42c3023e009035ee235082800b924'}
{'Amount': '68.796175201405173102'},{'Address': '0x2cedd5bd2153ae635609905f3374cda6dcdb527d'}
{'Amount': '68.445744780156451472'},{'Address': '0x10bbbca51d15f519f373876bbdd87f710a42ea31'}
{'Amount': '68.126586888854750000'},{'Address': '0xef89060245fa4b73500891a6fbb33fac60d0458a'}
{'Amount': '67.271690004040136454'},{'Address': '0x510a1415b7cb464a46793e910c8fbad715b72394'}
{'Amount': '66.901099579435647049'},{'Address': '0xea270500826689f4edb71328f3858556e3aea404'}
{'Amount': '66.792470373175621972'},{'Address': '0x90078bbd2a5a22dc805bf94c5fdf95cb0ddb986e'}
{'Amount': '65.821258009954953599'},{'Address': '0xf5582f02591cfacb31102d094f9f09f1a5c49307'}
{'Amount': '65.360249903391969693'},{'Address': '0x82fa7050be13c8debb630353faeabe4bc6173379'}
{'Amount': '65.289252284360957107'},{'Address': '0xf28b88643b778be43f58060a8750b3c75995ed69'}
{'Amount': '65.091685793610692058'},{'Address': '0x0b6cec1a4d4d0c1939216df0be66cf62ab079fe4'}
{'Amount': '65.000000000000000000'},{'Address': '0x7d0e0ef8892c950ce3da993e48143715914bf13c'}
{'Amount': '65.000000000000000000'},{'Address': '0x516575b14c5b72e147f7f6518a5c19e64ab08b9e'}
{'Amount': '64.000000000000000000'},{'Address': '0xb7dd022d7811cab41ef532fb73a5ae4f0eb3f45a'}
{'Amount': '63.473439646577798335'},{'Address': '0x1f39738e68cd25e736ecf65df6571d5eb15adca5'}
{'Amount': '62.462014135466963399'},{'Address': '0xc2b6312949c53f1f9db5623602c772c3d2286f60'}
{'Amount': '62.417096615013934189'},{'Address': '0xc5452e02b7617d0f1ac7102198589d561d64b40a'}
{'Amount': '62.317689112716824134'},{'Address': '0x79f9aba539b4f2801ca3b75f95db1aefa1f0b945'}
{'Amount': '62.068134900864061935'},{'Address': '0x0e2a1fc1a60384e9a5c1cdbe374c2980b01481c5'}
{'Amount': '61.756646473062792945'},{'Address': '0xb902041e6e4d863053ca7ff1449ce9c31addc11a'}
{'Amount': '61.224489800000000000'},{'Address': '0xf1ee118244962d46e4bdc3bc20910c03fac125b6'}
{'Amount': '61.224489800000000000'},{'Address': '0x00778698bbc902543b596af6e7c0aa13b614162d'}
{'Amount': '60.840096445538952525'},{'Address': '0xc58c22449ef9322bdb2daccbcbdd7f45644cd1a6'}
{'Amount': '60.291260327162190694'},{'Address': '0xb4be59de703df0152b03b9874ec0ce4f11df3168'}
{'Amount': '60.040777689180418733'},{'Address': '0x1584225583e707e2b1d61270a6aa249d57db9f9a'}
{'Amount': '60.028800212598114013'},{'Address': '0x5db5bee22a97309ab3c5977d1f12ff7f766dfe67'}
{'Amount': '60.000000000000000000'},{'Address': '0xdd6eb05031c31d01171eb9cc8b7c586f4961592d'}
{'Amount': '59.234416378377452225'},{'Address': '0xc21345a76a03e24f466a97fff5160c106fb90a0d'}
{'Amount': '58.776477596461731489'},{'Address': '0xb63188d98921f0202b218ba95d8d7f9e63327b91'}
{'Amount': '56.915988700664113913'},{'Address': '0x68edf87f2c356ccf7b94d8b9bd6b615ffc485a92'}
{'Amount': '56.323824757584233954'},{'Address': '0x130e719e3545965d69bd1fb7915ee4f811603138'}
{'Amount': '55.927750123408605624'},{'Address': '0x220a6cb04d48ca2c33735e94df78c17f8b0f7c9f'}
{'Amount': '55.914481163024900096'},{'Address': '0x282c8d5cad767a93e1e042e33e7a15877a8e6a1b'}
{'Amount': '55.505084861378432184'},{'Address': '0xec5fab9309caa2df6e4ae1ea6fde6b78c770b69d'}
{'Amount': '55.482357108558388540'},{'Address': '0x18f768455e7f5fb09fc491fd86bcc282bcdd5973'}
{'Amount': '54.776530980071334456'},{'Address': '0xff602dd1a179432bce30fc763d1d5e6bdc6f97d2'}
{'Amount': '54.698958511550830496'},{'Address': '0xc51653be3103a5275bf4dfed2b688a1725f3ab02'}
{'Amount': '53.758374009385320761'},{'Address': '0x6fa2262e3321d9f1fd0ef7dc68a34e363e10e2ad'}
{'Amount': '52.897029815726677656'},{'Address': '0xbc147973709a9f8f25b5f45021cab1ea030d3885'}
{'Amount': '52.843448080804080056'},{'Address': '0xac92f8ef4f6e3872d0ef54e6680be091e0c7a10a'}
{'Amount': '52.640464420077029059'},{'Address': '0xb8d00f5d0935aeb1d8a7d1a530bec3640374dc1c'}
{'Amount': '52.433466585314794567'},{'Address': '0x05ef72a1b4d8b90138941d7db4a218527eeb1d9b'}
{'Amount': '51.645712368548768500'},{'Address': '0xf79ee9200b31828521a799fe73b23f078f22d6c4'}
{'Amount': '51.240195902127820121'},{'Address': '0x344a821f89b71e96b7e2f7af5a42d45b474d041e'}
{'Amount': '51.043227689033310785'},{'Address': '0x0569a2073a5c573d9d41010f801834ae9848ca3b'}
{'Amount': '51.006954087601017207'},{'Address': '0x081e82863db076c1d1abfd034dd57217b3c685bf'}
{'Amount': '50.258612171114398553'},{'Address': '0x203c22d49eb331476c0f7fa7fe3cb316347ec00b'}
{'Amount': '50.112099768453840836'},{'Address': '0x382ffce2287252f930e1c8dc9328dac5bf282ba1'}
{'Amount': '50.000000000000000000'},{'Address': '0xb2f6129b4b2fa2061bbf6d136bee016a66d821fb'}
{'Amount': '50.000000000000000000'},{'Address': '0x6104a3a414a49ad7fd362a50e38abbd4ef0dd877'}
{'Amount': '50.000000000000000000'},{'Address': '0xd1a9976dd60b647ef608b44b164fd0ee4fe01aac'}
{'Amount': '50.000000000000000000'},{'Address': '0xd6e26c71d6f3547db6e8f4922ade5476c24b8dcf'}
{'Amount': '50.000000000000000000'},{'Address': '0xe64309301c49e77cd73596977ebf0bca929c406d'}
{'Amount': '50.000000000000000000'},{'Address': '0xa6569df464a11b9d37395f1f28d985f320732deb'}
{'Amount': '49.990000000000000000'},{'Address': '0xbd6de585893d21f91a9652437491303108332d48'}
{'Amount': '49.687646993203815547'},{'Address': '0xaaf9394b0c71704f14347c330be6d3b0b5cb5493'}
{'Amount': '49.177291088367921423'},{'Address': '0xbc871a8076ad37b8039a2edcb39eba1a5e6818cf'}
{'Amount': '47.764711339366174359'},{'Address': '0x3c1df11bcee2b1e3b85eb7de5e3f4537fa46b829'}
{'Amount': '44.416356987834217472'},{'Address': '0xe9b96299750b4354b5c033ec1eec6e6f3a2c18bd'}
{'Amount': '43.865201959887438445'},{'Address': '0xa7adc65167634fda790442571fb91051a2298e68'}
{'Amount': '43.847459548875816970'},{'Address': '0xbf013cea23b8ab8f3999a3978d885a3fbaece285'}
{'Amount': '43.674695607462383470'},{'Address': '0x944fb2f58ed2c2e8fd4d9bb7013f262875467da5'}
{'Amount': '43.472081317688018357'},{'Address': '0x5ce055c8bd54e9470b3c26b61d23b7155ac1abd9'}
{'Amount': '42.727285096937372359'},{'Address': '0x71916e5a77bd9fde0a18f5a6a62a31756534d53c'}
{'Amount': '42.044090312236713779'},{'Address': '0xf1a1602c90d8e510bc583eabb53667e3afae4b52'}
{'Amount': '41.989179433190993330'},{'Address': '0x820adbe5bbaba72979949686e3d32f784542235d'}
{'Amount': '41.691272451609638778'},{'Address': '0x7303a3f4ba20359f4f805ceab0a29b1dbc96c467'}
{'Amount': '41.653398425408292326'},{'Address': '0x26eadeee59912a86be8ff5d5f03e2e6f5d6aee65'}
{'Amount': '41.562500000000000000'},{'Address': '0x4ed7a3cdb17c9a3363b5c6f5aaf981ee2dff43f9'}
{'Amount': '41.069637396957070030'},{'Address': '0x4834860d128675eb43dedcfb7bc4f29d9809e363'}
{'Amount': '40.922596446930740390'},{'Address': '0xf9b175377b4bde1f35ea9cefd068852575c228a2'}
{'Amount': '40.724015685313221648'},{'Address': '0xfe270c6ce07f4f92148a54adbde568da3a04a787'}
{'Amount': '40.572604224036715182'},{'Address': '0xa6afb0132dfc9edd65f3bc690fe54a1714e7eb4a'}
{'Amount': '40.486750250679861220'},{'Address': '0x4fac583600110524a4c65eb0b913869bbb167b42'}
{'Amount': '40.441625487618504575'},{'Address': '0x007565a945232d3c434fa5a20e691764702d65cc'}
{'Amount': '40.267384402267697769'},{'Address': '0x6ba9e2d9384b01c8df229e1332d6751b2af3faec'}
{'Amount': '40.000000000000000000'},{'Address': '0x6ae8c2812447c23c8b721011d40fe1448e1e64b9'}
{'Amount': '40.000000000000000000'},{'Address': '0x84249c09150005e54a0afef7e40c3f210868803e'}
{'Amount': '39.473128245756697050'},{'Address': '0x580106201646283d0289e8251d2d2eff8e5a99de'}
{'Amount': '39.275437852435864636'},{'Address': '0xaad4a4a165ac449b59ea68d81b97f1eaf314d501'}
{'Amount': '39.230981906500792296'},{'Address': '0xa4ff74f6c1b86f2487a8b089cc2f599bc41f0ab4'}
{'Amount': '39.129339408590648920'},{'Address': '0x928eed97b167cb0be2a67c8252c62e18f2ab284c'}
{'Amount': '37.671073982379053938'},{'Address': '0x9b4962275ec6c48ff23952b33bf2f78f24e23479'}
{'Amount': '36.861717886756756795'},{'Address': '0x1290089b4295e0cd7d5aba0eba1a869b94a19387'}
{'Amount': '36.648012019731104624'},{'Address': '0x0dae5b404959de846909c54ae184bbd6c43941e5'}
{'Amount': '35.826860836649063635'},{'Address': '0x293f2986b027575fd7fc337465920185a5b9317e'}
{'Amount': '35.471642630621367967'},{'Address': '0xe085f782e3168c1349296420474aedb62797019a'}
{'Amount': '35.334373091838371426'},{'Address': '0xdbb6a967fe0eaa6ed805b8d4ff5ade173990b308'}
{'Amount': '34.830276335588397739'},{'Address': '0xfca9a5c4144238a3f7d407a760d8123853647c82'}
{'Amount': '34.822991753074667130'},{'Address': '0xaa130e5a43cadbe2eaa4e58ede61e39874e3ead7'}
{'Amount': '34.797571607871424631'},{'Address': '0x4989bebf76e92a48d84ef84cda06113e8e8a03ee'}
{'Amount': '34.707127116404884455'},{'Address': '0xe7b2a30ac88dba9bd3aa7ec2c9527adbf819f55f'}
{'Amount': '34.358784402090214448'},{'Address': '0x22f376a105c3addda903070a3abff1875be9f3c9'}
{'Amount': '33.862031803872160088'},{'Address': '0x21b074cca6b9ab6f76a98beb5c86fff9fe914fd1'}
{'Amount': '33.737189381329600863'},{'Address': '0x424b83d8d10cd5a9ab67de90ad65c56afa57616b'}
{'Amount': '32.387411322736300695'},{'Address': '0xaad5bc7402b1d45b07d8466ca57bc3594839af50'}
{'Amount': '31.898728077343040929'},{'Address': '0x7d015a194052c4b0086ada7d798facccc1150663'}
{'Amount': '31.863833454258541273'},{'Address': '0x5d29b68aafb22c491977eacf7dfb1661d2832555'}
{'Amount': '31.858775650235398029'},{'Address': '0x7a48211d73e3269d4278c2ec3e05a066be8164be'}
{'Amount': '31.767526962726142913'},{'Address': '0x5e599b10fdeaa1f5e55d81fd441fd479fadc1379'}
{'Amount': '30.500112250002948039'},{'Address': '0x8b6860f53287b814045f7fcf6d05c356441c142a'}
{'Amount': '30.363126270669165135'},{'Address': '0x125530c27fe7ebbb668939af9367a1047516463b'}
{'Amount': '30.194245147802620018'},{'Address': '0xf6508359d3f2354c5e47e9e66da023b3da813269'}
{'Amount': '29.957899396969777722'},{'Address': '0xfc356cef0467ad4972480835006044da2f4ca2d7'}
{'Amount': '29.658616870616345977'},{'Address': '0xf124a5e454ef6dcefd467d53d7617a59c1897513'}
{'Amount': '29.423111339166711036'},{'Address': '0xa1336a90b288715cce8bc4d5624c9526e0751b42'}
{'Amount': '29.218620129626533863'},{'Address': '0x6a0ca80be6f46965cf48ec5175e8b168c0159987'}
{'Amount': '29.025230279656998116'},{'Address': '0x40eb586f9bd55b1a05b6f840e0b43d4877494050'}
{'Amount': '29.025230279656998116'},{'Address': '0x9b9d856b48864141924c4d92337b0d3445884288'}
{'Amount': '29.025230279656998116'},{'Address': '0xd8929472a97db29867fe5c6f18922c24f59a7a71'}
{'Amount': '28.943366790034726096'},{'Address': '0xfefad08aec94c056782bce94a10a9509e0e05b93'}
{'Amount': '28.542016305504858278'},{'Address': '0xf3adb56d94382c50ad9d221591351d8a7cc9e1b6'}
{'Amount': '28.284732635169285160'},{'Address': '0x777fc8c91cc5eaba268ed42a0794e31d27952db4'}
{'Amount': '28.107367257779368507'},{'Address': '0x9759241f23fb3d3606612f243784bf8d47b3788e'}
{'Amount': '27.906594285604418971'},{'Address': '0x033c8fc3e337aaafac42a0911c4100b9d2220b70'}
{'Amount': '27.570542094532636142'},{'Address': '0xf3521b4b8ab0d8ca00c745c9848e2b078ab36e60'}
{'Amount': '26.991465218582270893'},{'Address': '0x59cc24610302df4c162dc5ab9fc16d3c141e49b7'}
{'Amount': '26.977056609897857509'},{'Address': '0x4634aa5a469d96a3915108e14105f3840a07d7d2'}
{'Amount': '25.832454948894728323'},{'Address': '0x83e84cc194e595b43dcedfbffc3e0358366307f1'}
{'Amount': '25.135279420848360420'},{'Address': '0x757949992e9f93dd39111f91767fe07330345945'}
{'Amount': '25.000000000000000000'},{'Address': '0xd2839cc657c9360d9655fe279d3b65ad85f63e46'}
{'Amount': '25.000000000000000000'},{'Address': '0x9aae69f1df097de557048f7e01c03a24cda80cd7'}
{'Amount': '25.000000000000000000'},{'Address': '0x6ada4e93aa63f395a66444db475f0f56f4f3ca4f'}
{'Amount': '25.000000000000000000'},{'Address': '0x80010c99c599752f16ede8d5ed96e5944ff18828'}
{'Amount': '23.712431503417263002'},{'Address': '0x17e1cd75bd1f838821c4db32daba018d17382fe3'}
{'Amount': '23.535320546463621887'},{'Address': '0x953f55eacd3f8c6c9cff2bd95ef57aa2bcb970ed'}
{'Amount': '23.000000000000000000'},{'Address': '0x92fd81e234ab2b9fd4a063bfc0ad8835b9520b74'}
{'Amount': '22.762233434288087740'},{'Address': '0x78bdec184f2afa63569f6be14e959fc40576041e'}
{'Amount': '22.460725217606998739'},{'Address': '0xb073cb60fb6120258532e727a5bde48f8a363b71'}
{'Amount': '21.732269534368152008'},{'Address': '0x68657bc426c7f2147292035acdba03c0817a6dcf'}
{'Amount': '21.451868489092382414'},{'Address': '0xf2c21c52f356dbb00b136601f8d394ca43d26346'}
{'Amount': '21.396136904615220440'},{'Address': '0xaff28e4dfc21ffd0a445d41b93ff3b87052c1d81'}
{'Amount': '21.348512344388373108'},{'Address': '0x6583c05d4b6c77cf6928d80e824ac3c4ca79142a'}
{'Amount': '21.308495388014657385'},{'Address': '0xab5801a7d398351b8be11c439e05c5b3259aec9b'}
{'Amount': '20.455271018693947961'},{'Address': '0xf5042b588f98fd57f0d370fce7bf6c869597e995'}
{'Amount': '20.188528483970101265'},{'Address': '0x825f05ce7b9ef8ffef12405dcc0f27e00702c981'}
{'Amount': '20.085910318016491560'},{'Address': '0x0ec32e8828ed4e6e83dae6e07250b2bc85e45f53'}
{'Amount': '20.011277597739669662'},{'Address': '0xbe1d583f435414d3950830f89638986caa72f461'}
{'Amount': '20.000000000000000000'},{'Address': '0x0bee55ddc8b3f7555ed40b66f9ea9bc12ec02332'}
{'Amount': '20.000000000000000000'},{'Address': '0x1a0de291ab3c312500bb5b1fdc7aab27ee42b82e'}
{'Amount': '19.690715530754197622'},{'Address': '0x81b2a91ec65540a879dcd1c9da56ad7d036b8b1a'}
{'Amount': '19.135341610414440353'},{'Address': '0x3979a63548e58185580f8785eb21d8ac387d7c9f'}
{'Amount': '18.997340465666348063'},{'Address': '0x59ba97baeaeedd7a2817bce717baad804daa64a7'}
{'Amount': '18.890781881158009015'},{'Address': '0xed45f03d56a0a2b6bfe7f42fa0b8792130252f4b'}
{'Amount': '18.729040767293792550'},{'Address': '0x56172e26aee752157ee99a3732168942b7aee956'}
{'Amount': '18.411290532111559573'},{'Address': '0xef13101c5bbd737cfb2bf00bbd38c626ad6952f7'}
{'Amount': '18.308604907716093628'},{'Address': '0x63ae2f97165da3ade7cde4d70a71bb41e22c3835'}
{'Amount': '18.025112337181679026'},{'Address': '0x2cf3213bf801a183360df6931c31422b33566a58'}
{'Amount': '17.920036601084358250'},{'Address': '0x343afc9bc56b4bcd04b22986d2650e098f5780d9'}
{'Amount': '17.531085491180419072'},{'Address': '0x0977fb31724b70a5f8919ded164ce84984294cc2'}
{'Amount': '17.170450399812326734'},{'Address': '0xfb2a52012f5e757ba748d1f8d7f582b8d1a613c0'}
{'Amount': '16.912761244850715790'},{'Address': '0xf3f49dd68586335ee3b01a86368043508c962c2a'}
{'Amount': '16.699582379653880736'},{'Address': '0xbed5e2326a85af7a3bc501aebc2756c9d6c66249'}
{'Amount': '16.634449449476210860'},{'Address': '0x45df01b8b4bb33b6811fccba5b5a79fdb1bc304b'}
{'Amount': '16.547987316705868978'},{'Address': '0x50c491ffda25f9e472d467d60835468c522e7d3a'}
{'Amount': '16.109002805209633954'},{'Address': '0x7ef001e2627d5b9016503a8f62f5188db69c95b6'}
{'Amount': '15.398601904181591413'},{'Address': '0x4670ddc6212171489a41877bbb5d5b1cd4f27f3f'}
{'Amount': '15.346972613710931135'},{'Address': '0x3a3527d6d42cbf93be397e84d269385a428d2b60'}
{'Amount': '15.000000000000000000'},{'Address': '0x8923d19d78fccff88e5e06f17476b55c2578fa6d'}
{'Amount': '14.512615139828499058'},{'Address': '0x10f920ffad95f53168af567ecd635a6dd03a8b43'}
{'Amount': '14.512615139828499058'},{'Address': '0xba00d84ddbc8cae67c5800a52496e47a8cafcd27'}
{'Amount': '14.009290592822794116'},{'Address': '0x47eba7cebfaa71d25a129d1a7cabd42d66f3247a'}
{'Amount': '13.970643675961971491'},{'Address': '0x8d03635c0adf3501ccfc69e5cefd8ecf88cadd3c'}
{'Amount': '13.662202768669484776'},{'Address': '0x2e112c7f695308d50b0e0a70b635e2ae7f777049'}
{'Amount': '13.425220000000000000'},{'Address': '0x7d1145a0e8e2ec94050e7187c954d6cd7a783ca2'}
{'Amount': '13.103666638014371723'},{'Address': '0x225fed86cbd1021ac1513a3f992916ec958f6e76'}
{'Amount': '12.658942216727268257'},{'Address': '0x678e3d40efa746f3e9ddbca5b5d26b8640a2cd38'}
{'Amount': '12.644208877465757061'},{'Address': '0x3328f5f2cecaf00a2443082b657cedeaf70bfaef'}
{'Amount': '12.190596717455939208'},{'Address': '0x36b4ff2a2c79545353f0888090a68a1b79202ea9'}
{'Amount': '11.303147611687993088'},{'Address': '0xc699a274f425b7982186065409a95b117be2fd83'}
{'Amount': '11.258510886437564941'},{'Address': '0x66bb7c182672a4b4a1c5891b9fd708b241ef3622'}
{'Amount': '11.094595665646434772'},{'Address': '0xb0a6ff3ec65846b7b1b083cb4c28c93737241975'}
{'Amount': '11.019421953949236653'},{'Address': '0xd392d8c659407d75042dbb4d2289af4521c3b50b'}
{'Amount': '10.827057756589573064'},{'Address': '0x307e62d8c7eaa6d3cd9039105d64b40da9970167'}
{'Amount': '10.000000000000000000'},{'Address': '0x75e10f8fa325ed8a0f7cd92ab959427d2430675f'}
{'Amount': '10.000000000000000000'},{'Address': '0x69bcd48e05a6efe968cef41fc778f574741924ff'}
{'Amount': '10.000000000000000000'},{'Address': '0xf1c52f112e4a31884f55b61db49a1355b1d7c72d'}
{'Amount': '9.558779211185832033'},{'Address': '0x0ee4e42b1096530f80a589cb13461930704517d0'}
{'Amount': '9.385927527711638005'},{'Address': '0x2860b0dafa49adcf45d857eb5e6c353a9a4b6626'}
{'Amount': '9.346124150049553393'},{'Address': '0x8dd111e38fb6ae37dac9c9218c076a8e30e2d055'}
{'Amount': '9.000000000000000000'},{'Address': '0xf64416860e74091e180fe0319cde479ba112a899'}
{'Amount': '8.715775685753696066'},{'Address': '0x21300e4fc5fd6c835d73670d7088d649f483ec77'}
{'Amount': '8.710168485993058840'},{'Address': '0x575a4d56294cf300fb3653885048fff2efc44c76'}
{'Amount': '8.459791122000715246'},{'Address': '0x634c2d8586ff437ed40f45acd6aa35c2e0e55fb2'}
{'Amount': '8.382654089960375732'},{'Address': '0x636bfc1dade24c7e60e5807795e4534d42cb5803'}
{'Amount': '8.120614994466908736'},{'Address': '0xc3c1744bccfe4691e332c873f9cb99b53214e03c'}
{'Amount': '7.982929918369639803'},{'Address': '0x1144ec667824e39689ce089ad8d81f94875d9a64'}
{'Amount': '7.852731440948260809'},{'Address': '0x9eafccada37f9f52c54cc16e8ed980c6fc0a395d'}
{'Amount': '7.348272668563077561'},{'Address': '0x558247e365be655f9144e1a0140d793984372ef3'}
{'Amount': '7.256307569914249529'},{'Address': '0x71c2cf4877c991f5b7047636c8ebc04408a8312d'}
{'Amount': '7.083882735725096065'},{'Address': '0x6ac5cdecd452b37741f5ca2b7407cc2c679070cf'}
{'Amount': '6.250000000000000000'},{'Address': '0x7aa649957e797d175782ab60bf7e5eace876af38'}
{'Amount': '5.926399286925079878'},{'Address': '0x52e022f11718de6c1b0e3bff62aca1776b06aff3'}
{'Amount': '5.710492828972783603'},{'Address': '0x61d5bfa974a4f653f2227ac757d0fd2a4232a41d'}
{'Amount': '5.533781313925465769'},{'Address': '0x7caa9f43822e288782e3e8797c8a16774c689b3d'}
{'Amount': '5.012800045354447222'},{'Address': '0x87a265c93d2a92c6eeec002283beaebb4564fd20'}
{'Amount': '5.000000000000000000'},{'Address': '0x7c2674dfc9ea1338047d6cf89157c6ca84fe8452'}
{'Amount': '4.466354571282863616'},{'Address': '0xe878705441eb16df534685b458eec0cda843cb81'}
{'Amount': '4.443553060214896418'},{'Address': '0x6ae7bf291028ccf52991bd020d2dc121b40bce2a'}
{'Amount': '4.167561937785161411'},{'Address': '0xa2bcac30a7c971e0575940ca2981e3781cfbdd6a'}
{'Amount': '2.515432149682369522'},{'Address': '0x3a15a953df96e8549cc1b9cd4a28475cfb77fa63'}
{'Amount': '2.000000000000000000'},{'Address': '0x64792ea7c648eccc079494764db42398c0251d12'}
{'Amount': '2.000000000000000000'},{'Address': '0x221208ba3781c1aaaeb5e31f1670d42ec3550020'}
{'Amount': '1.956298828125044736'},{'Address': '0x722e895a12d2a11be99ed69dbc1fedbb9f3cd8fe'}
{'Amount': '1.946185398685592308'},{'Address': '0x62959d2c9d519c8ba3b93d17166a6a594d5f9467'}
{'Amount': '1.551781346015499651'},{'Address': '0x3e1f2a8b7e4491ed58b76a9c9358584a435363f7'}
{'Amount': '1.286594413666408821'},{'Address': '0x25f36209c883f0b0918bd86f8da6b86526ee72d8'}
{'Amount': '1.202498803377052364'},{'Address': '0x2965e6975c325437ff7f4cc39237d05591c23f27'}
{'Amount': '1.160955066924435465'},{'Address': '0xe70bc530d5538e233e27fd971fb7b9091bfb42a5'}
{'Amount': '1.080000000000000000'},{'Address': '0x0de5199779b43e13b3bec21e91117e18736bc1a8'}
{'Amount': '1.034945013419385960'},{'Address': '0x5f7a009664b771e889751f4fd721adc439033ecd'}
{'Amount': '1.000000000000000000'},{'Address': '0x802ec43af2654002326858d20e11bdecc4138b42'}
{'Amount': '1.000000000000000000'},{'Address': '0xe4fb9ca52e39b83be69e74e7fac8f807a9c16ef9'}
{'Amount': '1.000000000000000000'},{'Address': '0xbcb4c8386c097589e7825aaeb9e7c6295835f1d6'}
{'Amount': '0.990545932874564682'},{'Address': '0x8e89688ef63ff22c37b79993bc515939e9a86389'}
{'Amount': '0.977001048993438989'},{'Address': '0xfefd328d2adcf4265877764d06e87201bf72c59a'}
{'Amount': '0.882986600926863524'},{'Address': '0x7bff734d9797e0ac3f5151c77c6b87a31aace711'}
{'Amount': '0.834129246573002381'},{'Address': '0x0cff0916430e8fec4401a12bc75914481877ed11'}
{'Amount': '0.769876452607566873'},{'Address': '0x9dcc35ae915926f7f5e8c624254d91f755d55b71'}
{'Amount': '0.738532714038112234'},{'Address': '0xfc1f103391528a580e0983b1bad3ec0a574d4684'}
{'Amount': '0.722585886312379533'},{'Address': '0x36568560081ce0770bb199856cb9263d44d6caa2'}
{'Amount': '0.695060058617692789'},{'Address': '0x16ded5ebaf3d1176fa3eb0b3bf9ee42929f9f5e9'}
{'Amount': '0.674674345292162467'},{'Address': '0x762817325008ba65fe87e9654f8267c3694b90bb'}
{'Amount': '0.667540826407216270'},{'Address': '0x701e0745006fa4ab003697493944662a0000c750'}
{'Amount': '0.632818030010995070'},{'Address': '0x02b6bd2420ccadc38726bd34bb7f5c52b3f4f3ff'}
{'Amount': '0.621001619493461341'},{'Address': '0x25b1a7db555cef527c41b1569ed82f870b75eb78'}
{'Amount': '0.546499828953191608'},{'Address': '0x11b4e1da17fc5a44fd7e565b4efa9468b6788768'}
{'Amount': '0.513369717492671865'},{'Address': '0x3d945da47eaef43c4257dded7431f637807a6a38'}
{'Amount': '0.500000000000000000'},{'Address': '0x9e0bce7ec474b481492610eb9dd5d69eb03718d5'}
{'Amount': '0.458070920109111925'},{'Address': '0xd5987abc4a8341d66d8c5b42f74a9e584e13c73c'}
{'Amount': '0.456753704188090000'},{'Address': '0x40bbb4ad98bfcaae414bf655f7ce08b2c6bd473a'}
{'Amount': '0.432793998772428001'},{'Address': '0xcb0298f7cf0c74ff95bcd52f9840966ebd73bc2f'}
{'Amount': '0.413065180681260000'},{'Address': '0xf217de9e1442b1f61cee9dac2a07bea96d83e06c'}
{'Amount': '0.410497459395123019'},{'Address': '0x73beeaa851d497c5291ef9843c111eedbc4a26fd'}
{'Amount': '0.295619081892897994'},{'Address': '0x719e6109f366931669bdbc0de3ea1ee1d23c8e06'}
{'Amount': '0.292591666228194586'},{'Address': '0xd98e3182c884c7f76b4c1cc55bf3d9893bb2aa0c'}
{'Amount': '0.291472658336102071'},{'Address': '0xfaf7794a986e787a6c0d98dd1162fe27ab59b9cc'}
{'Amount': '0.252302796569981164'},{'Address': '0x519ae0c11f21f217ad4a7e4eb09e3bbe0e8ffd9d'}
{'Amount': '0.250000000000000000'},{'Address': '0xf38d404a1c5ef825d187dcab9c6fa2027ea953fe'}
{'Amount': '0.246890349632713928'},{'Address': '0xdaf02f3490ff5ad4762c0c019ab2510b5e456543'}
{'Amount': '0.229698962988341931'},{'Address': '0x4a14347083b80e5216ca31350a2d21702ac3650d'}
{'Amount': '0.222599029540847616'},{'Address': '0xec13489d022102dde8234d8c22b25b0bed2e7b54'}
{'Amount': '0.171345007154973009'},{'Address': '0xec351350fa3353dcd396196cd0f923520865d528'}
{'Amount': '0.145686589788083892'},{'Address': '0x3f2edd2aeaa3af225d23b225baf8cceb900af7d8'}
{'Amount': '0.090495110675912074'},{'Address': '0xdf7bdb2d8e3c2c39b9367d887d497d450ad1c597'}
{'Amount': '0.080181446583479842'},{'Address': '0xb0e83c2d71a991017e0116d58c5765abc57384af'}
{'Amount': '0.072563391026419914'},{'Address': '0x4f942119e6ab0a6e4368e795d1d64291a3ff0da4'}
{'Amount': '0.049315100000000000'},{'Address': '0x674dc72d0738d2f905ae9f3ef17c0384c8bd28d2'}
{'Amount': '0.048158391598059681'},{'Address': '0x2623bd587b91304537ffe9418cbeefebcdde4a9a'}
{'Amount': '0.036610000000000000'},{'Address': '0x4ee115ccbd368ac05883952b68d2d5e30cef5dcf'}
{'Amount': '0.028940091093959683'},{'Address': '0xd12143917bcf1f5923f7cf14d9d548d7a57609be'}
{'Amount': '0.019521000000000000'},{'Address': '0xd7ca8219c8afa07b455ab7e004fc5381b3727b1e'}
{'Amount': '0.017382818682409972'},{'Address': '0x99105d429390d8acd3ae7154e22959b597a841f7'}
{'Amount': '0.014097274221110434'},{'Address': '0xb3a561a3d41400bd20e1860339f9587b0a0fd344'}
{'Amount': '0.012757474801492961'},{'Address': '0x00000000003b3cc22af3ae1eac0440bcee416b40'}
{'Amount': '0.011592463751784639'},{'Address': '0xb19bfa48b9d71d1effa03cf0c0bbf0a9f25f7526'}
{'Amount': '0.009785683586111758'},{'Address': '0xc1dfd16259c2530e57aea8a2cf106db5671616b0'}
{'Amount': '0.007320850952362220'},{'Address': '0x525a39ffdf2a0c085c64b6774bd1a231fb0614d2'}
{'Amount': '0.003097630760217097'},{'Address': '0x710fa20baa4489b1eb02023bda92cc24df56de44'}
{'Amount': '0.002453502886412278'},{'Address': '0x744a6ef0d1ec1129f83ae94f4a8d64a16e2611d7'}
{'Amount': '0.002000000000000000'},{'Address': '0x90b6c61b102ea260131ab48377e143d6eb3a9d4b'}
{'Amount': '0.001277393199187622'},{'Address': '0xfae53b889a6332009cdb4e6d48a35b36d06e1b2d'}
{'Amount': '0.001000000000000000'},{'Address': '0x33100c8fc2ed4605e05ee9acfafd066d862b7ce4'}
{'Amount': '0.000898052249491651'},{'Address': '0x11b82a90b3ba3ae5c7d430980ca10e8ce208c1c3'}
{'Amount': '0.000563160762089079'},{'Address': '0x563bdabaa8846ec445b25bfbed88d160890a02ed'}
{'Amount': '0.000523218391118765'},{'Address': '0x438eff83fcdc7e24ba3afd34eb160779cfd274a4'}
{'Amount': '0.000368734622442622'},{'Address': '0x0fe6ab8e28a39cc0dd3e13ec0c03412ba87e8066'}
{'Amount': '0.000354378717463698'},{'Address': '0x9e2bea982fc97c67bf376c70011e37db6ce64eb5'}
{'Amount': '0.000281474976710656'},{'Address': '0x00000000500e2fece27a7600435d0c48d64e0c00'}
{'Amount': '0.000271930344859656'},{'Address': '0x5a2b016c641742fb97a75c0d4c22b2a637ddf4b6'}
{'Amount': '0.000241645303328557'},{'Address': '0xa10fca31a2cb432c9ac976779dc947cfdb003ef0'}
{'Amount': '0.000211824578539097'},{'Address': '0x3c07d7a09bdbaac6078110214d2f0c6ac8e02383'}
{'Amount': '0.000160000000000000'},{'Address': '0x007933790a4f00000099e9001629d9fe7775b800'}
{'Amount': '0.000151398284990582'},{'Address': '0x886c7efdbdf44f8163557e3f9cb416123586e323'}
{'Amount': '0.000099999999967752'},{'Address': '0xda1c97b1ee2edf8e99e9ef225549a74a049b6798'}
{'Amount': '0.000096363232296988'},{'Address': '0xa719c0e3c2623dd2aa3f18635b0b9114b7243a56'}
{'Amount': '0.000090908018905028'},{'Address': '0x5791a402700e7266bb4ec99e508fa25a05c762f0'}
{'Amount': '0.000086170776157666'},{'Address': '0xad2afc755c4b8c1b8bcce8989b9bee47e479650e'}
{'Amount': '0.000077699061726428'},{'Address': '0xfbacf517a8523a41c75c189fb9fce7b536030e1a'}
{'Amount': '0.000077650605420804'},{'Address': '0x574a782a00dd152d98ff85104f723575d870698e'}
{'Amount': '0.000068664486894670'},{'Address': '0x2ac2d38d46f8650492b19a6a0c9ed3d786f0fc75'}
{'Amount': '0.000068026150572911'},{'Address': '0x199ec49df90a1d7dffd792c22934aead20304deb'}
{'Amount': '0.000067127611195040'},{'Address': '0xc0ab185f1c4a237b77787252a1720ab5918b0b0d'}
{'Amount': '0.000058486281017648'},{'Address': '0x623b8c6f3cf81a87d8fc721a5ac150b70a1e6feb'}
{'Amount': '0.000058307320340739'},{'Address': '0x574ae375ee7765b8ced805d6b41098a60e3718a9'}
{'Amount': '0.000058216723981731'},{'Address': '0x7ac90f34185a32bcd8fd74c20d54fb540d76ea07'}
{'Amount': '0.000053981642119577'},{'Address': '0x289922fbbfbd38472d7e2a1652b33b834f7c0e49'}
{'Amount': '0.000047999318777129'},{'Address': '0xd683b78e988ba4bdb9fa0e2012c4c36b7cc96aad'}
{'Amount': '0.000046158584937056'},{'Address': '0xc55c7d2816c3a1bcd452493aa99ef11213b0cd3a'}
{'Amount': '0.000045768885160594'},{'Address': '0xeea76d34ca7c39399ed38deb440ed41aa558b919'}
{'Amount': '0.000039066136951177'},{'Address': '0xde04086babf2e92f9fae4153894756a393a89cfd'}
{'Amount': '0.000033789346964804'},{'Address': '0x52e701dd73339f598c35987a044ea2865746a701'}
{'Amount': '0.000030295606693711'},{'Address': '0xc30edc9271cb23e7ca22d0d84db8601238a4d925'}
{'Amount': '0.000018590690646141'},{'Address': '0xf793cc9bc96f6e9abb4806530bb016a0e7b6af78'}
{'Amount': '0.000017638006204503'},{'Address': '0x2e102b2f815c48505e5691fb17fb8e0459ff9d80'}
{'Amount': '0.000015280107184029'},{'Address': '0x4d928359e8556197f161f4927a928dfde9c3d1a8'}
{'Amount': '0.000012443286255325'},{'Address': '0xc6e34e7bee3c459c99412ece5ec409caf4c9a372'}
{'Amount': '0.000012234748926058'},{'Address': '0x9f5141e8715c6691e75188bda726df54c14721e4'}
{'Amount': '0.000011218762842112'},{'Address': '0xabc508dda7517f195e416d77c822a4861961947a'}
{'Amount': '0.000008437832578720'},{'Address': '0xe993486b257cd1481aef74b3b909a2627fc8d305'}
{'Amount': '0.000007741909099238'},{'Address': '0x0ea8c70fadb874ad1e0f43d15a1d4d772a316136'}
{'Amount': '0.000007471987336827'},{'Address': '0x6b66e006d7f1d45504028da87b79d21104499e18'}
{'Amount': '0.000004670517740634'},{'Address': '0x77d74a7611db43241e25c65888e6a26fa69019a1'}
{'Amount': '0.000004000000000000'},{'Address': '0x4afa72551fc1ff5347aa9c2415ceb196797618b8'}
{'Amount': '0.000002754606313064'},{'Address': '0x000b79f52356189c80a9d3ada3911d4438218516'}
{'Amount': '0.000002385867493243'},{'Address': '0x1b0aca8765fb71bc639e3b2faa44ce62e9430fae'}
{'Amount': '0.000000174205875932'},{'Address': '0x897656b1fb6c3688e48e1dd8259f7e092364754d'}
{'Amount': '0.000000032527785365'},{'Address': '0xe49c9f7308404c1630129513c8d0da5cfec8e854'}
{'Amount': '0.000000007312028926'},{'Address': '0xdcfbfbd4a9da696a6defbd22542cbe5bba1c6092'}
{'Amount': '0.000000005616985853'},{'Address': '0x0000000000007f150bd6f54c40a34d7c3d5e9f56'}
{'Amount': '0.000000000001648111'},{'Address': '0xa405e822d1c3a8568c6b82eb6e570fca0136f802'}
{'Amount': '0.000000000000434352'},{'Address': '0x1b200c7163826a363b5531016a4f0bc8b0277453'}
{'Amount': '0.000000000000075048'},{'Address': '0x80fdc30d21a672eef723b809ed4ba7c91728d421'}
{'Amount': '0.000000000000052576'},{'Address': '0xaf6f3975d8bf44013cb40793438cbfe9dfde6284'}
{'Amount': '0.000000000000006000'},{'Address': '0xf57792248986d0d59df6ad76aadb96c6db9d8888'}
{'Amount': '0.000000000000001845'},{'Address': '0xfe9d67621c20c15dfb761138caf41e1c128f2d72'}
{'Amount': '0.000000000000000755'},{'Address': '0x170f2543d5824a92dd12689d9d35116e134c42a9'}
{'Amount': '0.000000000000000130'},{'Address': '0x0a53e28f2f7b27971e18a6305c2c74a449badd2e'}
{'Amount': '0.000000000000000034'},{'Address': '0x000000000035b5e5ad9019092c665357240f594e'}
{'Amount': '0.000000000000000020'},{'Address': '0x000000005736775feb0c8568e7dee77222a26880'}
{'Amount': '0.000000000000000014'},{'Address': '0x00000000b7ca7e12dcc72290d1fe47b2ef14c607'}
{'Amount': '0.000000000000000012'},{'Address': '0xfd0000000100069ad1670066004306009b487ad7'}
{'Amount': '0.000000000000000011'},{'Address': '0x98aebd42d3274f166d3401c204b520e03fe36060'}
{'Amount': '0.000000000000000010'},{'Address': '0x473bbc06d7fdb7713d1ed334f8d8096cad6ec3f3'}
{'Amount': '0.000000000000000009'},{'Address': '0x90f1cb932dbf94385434c40d53df3727f00e50b1'}
{'Amount': '0.000000000000000006'},{'Address': '0x00000000a991c429ee2ec6df19d40fe0c80088b8'}
{'Amount': '0.000000000000000005'},{'Address': '0x2d9842a37681cbfcca853d742727f94de899d384'}
{'Amount': '0.000000000000000005'},{'Address': '0x0eae044f00b0af300500f090ea00027097d03000'}
{'Amount': '0.000000000000000003'},{'Address': '0x018d5c4783f5317815f6e8168942a12adde3cd3c'}
{'Amount': '0.000000000000000003'},{'Address': '0x66f049111958809841bbe4b81c034da2d953aa0c'}
{'Amount': '0.000000000000000003'},{'Address': '0x1d6e8bac6ea3730825bde4b005ed7b2b39a2932d'}
{'Amount': '0.000000000000000003'},{'Address': '0x000000c52b33fa71614810224771dc8f3255b220'}
{'Amount': '0.000000000000000003'},{'Address': '0xbcc7f6355bc08f6b7d3a41322ce4627118314763'}
{'Amount': '0.000000000000000002'},{'Address': '0x0000000000d41c96294ccdac8612bdfe29c641af'}
{'Amount': '0.000000000000000001'},{'Address': '0x00000000e9d7eee1c07d3d017cd18c3dab4c2ac0'}
{'Amount': '0.000000000000000001'},{'Address': '0xfb3cee83a0a97c8d7999ebd59496a4fde4f40033'}
{'Amount': '0.000000000000000001'},{'Address': '0xbe7395d579cba0e3d7813334ff5e2d3cfe1311ba'}
{'Amount': '0.000000000000000001'},{'Address': '0x167003a4b849f182e8baf0b10777c99f6e1222cb'}
{'Amount': '0.000000000000000001'},{'Address': '0x8416276c681c953b2f35b8d8897d5b0678969397'}
{'Amount': '0.000000000000000001'},{'Address': '0x000000000042c71e9b847fb1533270360a7b2cbf'}
{'Amount': '0.000000000000000001'},{'Address': '0xae7861c80d03826837a50b45aecf11ec677f6586'}
{'Amount': '0.000000000000000001'},{'Address': '0xe8c060f8052e07423f71d445277c61ac5138a2e5'}
{'Amount': '0.000000000000000001'},{'Address': '0x0000000000d9455cc7eb92d06e00582a982f68fe'}
{'Amount': '0.000000000000000001'},{'Address': '0xf6460c6dd025c367f1d999276fabc2b18e2d1066'}
{'Amount': '0.000000000000000001'},{'Address': '0x0000000000710a9c1f6db5f504be77ffb3b583ec'}
{'Amount': '0.000000000000000001'},{'Address': '0x0000000057a888b5dc0a81f02c6f5c3b7d16b183'}
{'Amount': '0.000000000000000001'},{'Address': '0x499dd900f800fd0a2ed300006000a57f00fa009b'}
{'Amount': '0.000000000000000001'},{'Address': '0x42b2c65db7f9e3b6c26bc6151ccf30cce0fb99ea'}
{'Amount': '0.000000000000000001'},{'Address': '0xf2972a2b8eda253678877995147869ed99b50e39'}
{'Amount': '0.000000000000000001'},{'Address': '0x96d4f9d8f23eadee78fc6824fc60b8c1ce578443'}
{'Amount': '0.000000000000000001'},{'Address': '0x7cf09d7a9a74f746edcb06949b9d64bcd9d1604f'}
{'Amount': '0.000000000000000001'},{'Address': '0x00000000726422a6fecb4759b44d47e48cf746aa'}
{'Amount': '0.000000000000000001'},{'Address': '0x1111111254eeb25477b68fb85ed929f73a960582'}
{'Amount': '0.000000000000000001'},{'Address': '0x3f214956f6546c8de9951058d4a6cd8840fc98e0'}
{'Amount': '0.000000000000000001'},{'Address': '0x5e4c21c30c968f1d1ee37c2701b99b193b89d3f3'}
{'Amount': '0.000000000000000001'},{'Address': '0x0417fb247af04b9842992eed90f7cef591e2be88'}
{'Amount': '0.000000000000000001'},{'Address': '0xcff2d6bf21e6835a144ef668809adec4b4e9c395'}
{'Amount': '0.000000000000000001'},{'Address': '0x0d9326f283d8ca7eeea4d323d07a0c9c0ab1a192'}
{'Amount': '0.000000000000000001'},{'Address': '0x246931008e1c729858934e8a5e0b62f0e49408fd'}
{'Amount': '0.000000000000000001'},{'Address': '0xb7d691867e549c7c54c559b7fc93965403ac65df'}
