id,address
uniswap,0xf977814e90da44bfa03b6295a0616a897441acec
uniswap,0x5a52e96bacdabb82fd05763e25335261b270efcb
uniswap,0x6cc5f688a315f3dc28a7781717a9a798a59fda7b
uniswap,0xbe0eb53f46cd790cd13851d5eff43d12404d33e8
uniswap,0x73af3bcf944a6559933396c1577b257e2054d935
uniswap,0xf89d7b9c864f589bbf53a82105107622b35eaa40
uniswap,0xda9dfa130df4de4673b89022ee50ff26f6ea73cf
uniswap,0x2efb50e952580f4ff32d8d2122853432bbf2e204
uniswap,0x28c6c06298d514db089934071355e5743bf21d60
uniswap,0x1a9c8182c09f50c8318d769245bea52c32be35bc
uniswap,0x3d30b1ab88d487b0f3061f40de76845bec3f1e94
uniswap,0x090d4613473dee047c3f2706764f49e0821d256e
uniswap,0x2ec96c9af82ddd650c0776cb0da93beaa7ce2a10
uniswap,0x1d42064fc4beb5f8aaf85f4617ae8b3b5b8bd801
uniswap,0x5aefa2a3e0c8d210e52b71741a5c4492b7220076
uniswap,0xfb6b912cf7082031822f52e7d7ef59280f97a257
uniswap,0x8d2642ec9d19a9333c8593ab7de1cc3be44d2dbc
uniswap,0x61bed6a58c4dc592f1dc32f9ec0f67e49208405c
uniswap,0xe38e5dd6e11ba18450cbdd518e8a7eb5f4a17a11
uniswap,0x35a18000230da775cac24873d00ff85bccded550
uniswap,0xa3a7b6f88361f48403514059f1f16c8e78d60eec
uniswap,0xafcd96e580138cfa2332c632e66308eacd45c5da
uniswap,0x1b3e7cdca3cc89e382e11e231d61e45e4709263c
uniswap,0xcce4158494ae8296e3936823058b17e03eeba6c3
uniswap,0xf6d2224916ddfbbab6e6bd0d1b7034f4ae0cab18
uniswap,0xc3d688b66703497daa19211eedff47f25384cdc3
uniswap,0x3a5cc8689d1b0cef2c317bc5c0ad6ce88b27d597
aave,0xcdc642ab6c363dfaeaf816fbb5622ef72891cae0
aave,0x47ac0fb4f2d84898e4d9e7b4dab3c24507a6d503
aave,0x5425a1269521bc502de808bfc814bf9d82a9254a
aave,0x54659b5ded441404a8e9e3885ee875b13012ba7b
aave,0xa65887454cc540328115ea4f77daa3930bff2e3b
aave,0x27d793f185c294fe107fcb7edc71e43c90f9b135
aave,0x75e89d5979e4f6fba9f97c104c2f0afb3f1dcb88
aave,0xf60c2ea62edbfe808163751dd0d8693dcb30019c
aave,0xb56333581b852e61e1413a2a7a66bf679d8acf81
aave,0xfd2b210697a0318848fef796dafc3b3c38e17925
aave,0x39efd5557f371aa21749afb4c36b81ba3936e82b
aave,0x5d62c210955bc6c7f30df96e071cf2941608ec44
aave,0x86c6d4d4e4675fa8a6e80ac0b9007baa715af9c0
aave,0x997033df21d025148a3e49baeb325cf32893f7e2
aave,0x5ab53ee1d50eef2c1dd3d5402789cd27bb52c1bb
aave,0x6262998ced04146fa42253a5c0af90ca02dfd2a3
aave,0xa5946a2c7a6c4232224b89a696ae51879bf5aed1
aave,0xdfd5293d8e347dfe59e90efd55b2956a1343963d
aave,0x21a31ee1afc51d94c2efccaa2092ad1028285549
aave,0x99c9fc46f92e8a1c0dec1b1747d010903e884be1
aave,0x742d35cc6634c0532925a3b844bc454e4438f44e
aave,0xc697051d1c6296c24ae3bcef39aca743861d9a81
aave,0x19184ab45c40c2920b0e0e31413b9434abd243ed
aave,0x5f65f7b609678448494de4c87521cdf6cef1e932
aave,0xb812d0944f8f581dfaa3a93dda0d22ecef51a9cf
aave,0x2d615795a8bdb804541c69798f13331126ba0c09
aave,0xdceaf5d0e5e0db9596a47c0c4120654e80b1d706
aave,0xcdbe82b04c9a74831f431481468950e3a9cefe31
aave,0xf3b0073e3a7f747c7a38b36b805247b222c302a3
aave,0xa3a7b6f88361f48403514059f1f16c8e78d60eec
aave,0x46f80018211d5cbbc988e853a8683501fca4ee9b
aave,0xa9d1e08c7793af67e9d92fe308d5697fb81d3e43
aave,0xc882b111a75c0c657fc507c04fbfcd2cc984f071
aave,0x1494ca1f11d487c2bbe4543e90080aeba4ba3c2b
aave,0x28c6c06298d514db089934071355e5743bf21d60
aave,0xcaefcfcb4960c5473024b74da2db4de8d854e804
aave,0xd784927ff2f95ba542bfc824c8a8a98f3495f6b5
aave,0x593aebee9117eea447279e5973f64c68d8e977a0
aave,0xcffad3200574698b78f32232aa9d63eabd290703
aave,0xd6216fc19db775df9774a6e33526131da7d19a2c
aave,0xffc97d72e13e01096502cb8eb52dee56f74dad7b
aave,0x5770815b0c2a09a43c9e5aecb7e2f3886075b605
aave,0xafcd96e580138cfa2332c632e66308eacd45c5da
aave,0x37b5f7e191fe080865ff45a68708031ec45ad893
aave,0x706724b857714f9a34516a7e41a907947bc8f19a
aave,0xf89d7b9c864f589bbf53a82105107622b35eaa40
aave,0xda9dfa130df4de4673b89022ee50ff26f6ea73cf
aave,0x6cc5f688a315f3dc28a7781717a9a798a59fda7b
aave,0x2efb50e952580f4ff32d8d2122853432bbf2e204
aave,0x40ec5b33f54e0e8a33a975908c5ba1c14e5bbbdf
aave,0x317625234562b1526ea2fac4030ea499c5291de4
aave,0xbe0eb53f46cd790cd13851d5eff43d12404d33e8
aave,0xf977814e90da44bfa03b6295a0616a897441acec
aave,0x4a49985b14bd0ce42c25efde5d8c379a48ab02f3
aave,0x25f2226b597e8f9514b3f68f00f494cf4f286491
aave,0xa700b4eb416be35b2911fd5dee80678ff64ff6c9
aave,0xba12222222228d8ba445958a75a0704d566bf2c8
aave,0x4da27a545c0c5b758a6ba100e3a049001de870f5
maker,0x593aebee9117eea447279e5973f64c68d8e977a0
maker,0x46f80018211d5cbbc988e853a8683501fca4ee9b
maker,0x651bbd829a7cbd32f35dfc099cbde1e04789393c
maker,0x111cff45948819988857bbf1966a0399e0d1141e
maker,0xcffad3200574698b78f32232aa9d63eabd290703
maker,0xc713e5e149d5d0715dcd1c156a020976e7e56b88
maker,0x5f65f7b609678448494de4c87521cdf6cef1e932
maker,0x1494ca1f11d487c2bbe4543e90080aeba4ba3c2b
maker,0x8e2a84d6ade1e7fffee039a35ef5f19f13057152
maker,0xafcd96e580138cfa2332c632e66308eacd45c5da
maker,0xf89d7b9c864f589bbf53a82105107622b35eaa40
maker,0xdfd5293d8e347dfe59e90efd55b2956a1343963d
maker,0x3c5142f28567e6a0f172fd0baaf1f2847f49d02f
maker,0x21a31ee1afc51d94c2efccaa2092ad1028285549
maker,0xbba4c8eb57df16c4cfabe4e9a3ab697a3e0c65d8
maker,0x7fda46250dbc2eb3a24d11374dd1380ce69e75e4
maker,0x6cc5f688a315f3dc28a7781717a9a798a59fda7b
maker,0xbe0eb53f46cd790cd13851d5eff43d12404d33e8
maker,0xbbbbbbbbbb9cc5e90e3b3af64bdaf62c37eeffcb
maker,0x3afdc5e6dfc0b0a507a8e023c9dce2cafc310316
maker,0xe8c6c9227491c0a8156a0106a0204d881bb7e531
maker,0x642ae78fafbb8032da552d619ad43f1d81e4dd7c
maker,0x8a458a9dc9048e005d22849f470891b840296619
maker,0x28c6c06298d514db089934071355e5743bf21d60
maker,0xf65475e74c1ed6d004d5240b06e3088724dfda5d
maker,0xf977814e90da44bfa03b6295a0616a897441acec
maker,0x517f9dd285e75b599234f7221227339478d0fcc8
maker,0xbe8e3e3618f7474f8cb1d074a26affef007e98fb
maker,0x0a3f6849f78076aefadf113f5bed87720274ddc0
lido-dao,0x4f2083f5fbede34c2714affb3105539775f7fe64
lido-dao,0x4fabff46addbef0d25002a6681ba54c3b973d463
lido-dao,0xa980d4c0c2e48d305b582aa439a3575e3de06f0e
lido-dao,0x8b4334d4812c530574bd4f2763fcd22de94a969b
lido-dao,0x0cb1d4a24292bb89862f599ac5b10f42b6de07e4
lido-dao,0x044b48e46b0b7b8b639364cc90875a0f7d4537ec
lido-dao,0x17cc6042605381c158d2adab487434bde79aa61c
lido-dao,0x7576fb92972796f0d7647f46b21755466d7a3bfa
lido-dao,0x11986f428b22c011082820825ca29b21a3c11295
lido-dao,0x6decd32f5a2ab9b43bc6ad8923eb6d2395de145b
lido-dao,0xb67a9bf270fb32a8706cfc826a884f174c18cfe1
lido-dao,0x7b7f0e4ed559b2394ea8265ec1fc2f1f8112945a
lido-dao,0xef001a0d62d43ccab7ac9c461f538e707a9edbf2
lido-dao,0xa0d3707c569ff8c87fa923d3823ec5d81c98be78
lido-dao,0x7fc386640f349e8f9c683a91b5848b0b2db21bb6
lido-dao,0x225d3822de44e58ee935440e0c0b829c4232086e
lido-dao,0x8b3f33234abd88493c0cd28de33d583b70bede35
lido-dao,0xe84a061897afc2e7ff5fb7e3686717c528617487
lido-dao,0x720d8790666bd40b9ca289cbe73cb1334f0ae7e3
lido-dao,0x7785ddcece9e3c7d86279cd5e79e4e155f8eb816
lido-dao,0x4d9f9d15101eec665f77210cb999639f760f831e
lido-dao,0x3f3a4f13a0c1390d018e75032f9e12dbe2b27412
lido-dao,0x0632dcc37b1fabf2cad20538a5390d23c830962e
lido-dao,0x4d9629e80118082b939e3d59e69c82a2ec08b4d5
lido-dao,0xac665a44d46194eb9826d6f93fb5cc93bc2654b4
lido-dao,0x7be29fddb841584468fd5dc15bb7ab0b45a2bf4f
lido-dao,0x889edc2edab5f40e902b864ad4d7ade8e412f9b1
lido-dao,0x1ce8aafb51e79f6bdc0ef2ebd6fd34b00620f6db
lido-dao,0x57823baebaa86724839902e0d8efab7e0cfb31b0
lido-dao,0x05bc11f64c6515bb384b05bfd3e0d0424fa65aa4
lido-dao,0x51c2cef9efa48e08557a361b52db34061c025a1b
lido-dao,0x9d94ef33e7f8087117f85b3ff7b1d8f27e4053d5
lido-dao,0x21e27a5e5513d6e65c4f830167390997aa84843a
lido-dao,0x9ffdf407cde9a93c47611799da23924af3ef764f
lido-dao,0x849d52316331967b6ff1198e5e32a0eb168d039d
lido-dao,0x86fb84e92c1eedc245987d28a42e123202bd6701
lido-dao,0xf89d7b9c864f589bbf53a82105107622b35eaa40
lido-dao,0x120fa5738751b275aed7f7b46b98beb38679e093
lido-dao,0xcafeabed7e0653afe9674a3ad862b78db3f36e60
lido-dao,0xdc24316b9ae028f1497c275eb9192a3ea0f67022
lido-dao,0x3e40d73eb977dc6a537af587d48316fee66e9c8c
lido-dao,0xb671e841a8e6db528358ed385983892552ef422f
lido-dao,0x4353e2df4e3444e97e20b2bda165bdd9a23913ab
lido-dao,0x4b4eec1ddc9420a5cc35a25f5899dc5993f9e586
lido-dao,0x47176b2af9885dc6c4575d4efd63895f7aaa4790
lido-dao,0x1982b2f5814301d4e9a8b0201555376e62f82428
lido-dao,0xfe08d40eee53d64936d3128838867c867602665c
lido-dao,0x98078db053902644191f93988341e31289e1c8fe
lido-dao,0x93c4b944d05dfe6df7645a86cd2206016c51564d
lido-dao,0x7f39c581f595b53c5cb19bd0b3f8da6c935e2ca0
mantle,0xb0739a8fd958e846bdec0d093b46d49c641828c3
mantle,0xb0739a8fd958e846bdec0d093b46d49c641828c3
mantle,0xb323692b6d4db96af1f52e4499a2bd0ded9af3c5
mantle,0x45a65fd18e0eaad211d67f3d4ff9d9c00c0e62d2
mantle,0xd1328c9167e0693b689b5aa5a024379d4e437858
mantle,0x167a9333bf582556f35bd4d16a7e80e191aa6476
mantle,0x3d8fc1cffaa110f7a7f9f8bc237b73d54c4abf61
mantle,0x75e89d5979e4f6fba9f97c104c2f0afb3f1dcb88
mantle,0x9d8a06e43911fd6b01a4f89ab3bc549d32719701
mantle,0x08a61c799e05f983803f33696f5654a49e166d19
mantle,0xd2f0c70ac768cba8c10ee64fc2657ee8c1ca862f
mantle,0x016385e4c407360d76bb1a1a8c9cbf987555c75c
mantle,0x03f3cc96acf6a1ed7319bf9b101d2ca12bc4af26
mantle,0x0e3de5d0a99a91b9c44ebdcb7da2e1b95174a546
mantle,0x1ea9eb7263e03b6fc3c074686d7cf466f553dd2e
mantle,0x2a3608a7b0183c65c6ff3389c26b2409abf4d9da
mantle,0x5b12ba06b853b3d7ab8ba3e3a0a1dde6675516a2
mantle,0x71fa125e670de3fbc5bc8bc75b626e40e8f32a02
mantle,0x78cf48880e9e1b3ab209779c0d8a76f611e53e81
mantle,0xaad72661da71441044c433a2a6439872b1167aa3
mantle,0xb69d10f9cdf989d430e16a68efc4562aa823a95e
mantle,0xcaccd277c69f45c802ce6430a77a83bafd9ceccb
mantle,0xcad08a7b9ef6adefaef08d0d85a577a288f93ee1
mantle,0x6961c4d583209857318fb424d65124fa0ebb6bf5
mantle,0xc25b6a64124dfbe7ab003bdb58f75019aa8380e9
mantle,0x38f56ee0776f42086abc3b980524caffa6f8106a
mantle,0x08d0cbd093094375376da484474ed59943093965
mantle,0x0cf344af6f9d56bf468ad4ff47e0229c63c05be3
mantle,0x0ec6118e20947662a526535c9bf741bf8fc8b522
mantle,0x18299d5d26fe4fccdc2dc36a99e1b67da95fa192
mantle,0x219831c74199435fab1ef76f0ed991ceecbd4110
mantle,0x31386bf24a216a4836227c6eec357404db8b88ac
mantle,0x40a1a76fbb8043458c826a46c0f4efd83405588f
mantle,0x58d2b4c79ceb7cbe93cacd4ac210da76089cae51
mantle,0x857075c26c4127ad2cf6c9638fbb81a2b720db5c
mantle,0x9112dba500d4fffc32c964fecc6fd7d3fd466c29
mantle,0xab8d0b8e64d52c84794fdde36f7341c55e13f264
mantle,0xb07b866db36b7a268033051c1036ec0d5f9a55ac
mantle,0xb351e1893f8ef9c3a5e6fd6ec686d7471ca106aa
mantle,0xb5ca43782fcee60da57184c768d9cc83d5970b82
mantle,0xc0a6b82b565852b99344f023ad20b112de29ec63
mantle,0xf56244930ac6cdd29bbc96ce05c154548149d65e
mantle,0x3cc936b795a188f0e246cbb2d74c5bd190aecf18
mantle,0x95ce6d5d5fd2063fd9a10f7f8f81f9e3193ca53f
mantle,0x77d263ba10a47e5ab71dd56dd9dec852080a8ff2
mantle,0xc882b111a75c0c657fc507c04fbfcd2cc984f071
mantle,0x3c4a0ec997c95bccee24316ce44f56bb60e2d614
mantle,0x4c4813a2fa0cf25882867bdff2016c0346eb505a
mantle,0xa89fa59b419eedf66e749cbf7bf1f8450e9d1fa8
mantle,0x7bca9775a362b88542f58f3ce11c232c97fd8a09
mantle,0x129c3f3bbf99fc024c2b3344a09afe95667821d7
mantle,0x3f7b35c3492584ff5e1498866037deb0daa7f5fa
mantle,0x923b64125293d0e682ac98ba638e9b3283d9992a
mantle,0x22afb6c6cbbf93c1faea58d418a131e6419136d2
mantle,0x732be429488688dba83bd476f326875a80615030
mantle,0xdb2efcfacace60ceacc7885e20e965cb2c994511
mantle,0xf4c5e0f4590b6679b3030d29a84857f226087fef
mantle,0xb9e977203150711fa134055e8244e87f9d6504d2
mantle,0x5b27674f81f37afd79a08f51ba23e373934e520e
mantle,0x1adcf8d5fdbdb3584dd632ad6a465d29fb66d15c
mantle,0x56526674663baffed296b38f26820bdd6fffbb0a
mantle,0x8c2e783e61a2a27f0d4fcbd47b6335bf56d67dbd
mantle,0xde4265c62a1a1baec459ee77478e2e629a5c8767
mantle,0xdeaf3d23c6b712ba708bde7f063e32a40d3b44ba
mantle,0x1b9cef6bdd029f378c511e5e6c20ee556b6781b9
mantle,0xe5791f93b997c7fc90753a1f2711e479773a2a87
mantle,0xa2e5e8a607562b7bda05d5820e569c290b43be6d
mantle,0x4f07031df325e5de5c56ccf5435c1cf8e3905884
mantle,0x9deaa906829d8cf05ff1f24663ad553cb90bf241
mantle,0x95fc37a27a2f68e3a647cdc081f0a89bb47c3012
mantle,0xe1ab8c08294f8ee707d4efa458eab8bbeeb09215
mantle,0xf89d7b9c864f589bbf53a82105107622b35eaa40
mantle,0x5a076b2d0941f2bc9b49d05d3a1ff9c7acdc5e78
mantle,0x2ebf891f4718eb8367013d8d975a1e5afcae277f
mantle,0x78605df79524164911c144801f41e9811b7db73d
the-graph,0x7e72b70f6e7f1d57eaa5295cc18f4281d2d17ac0
the-graph,0x806296c8f6f4aa6dd816abcded47d41ae7eb3326
the-graph,0x4fe96c4535a2950c78836ae2da20c92a68036ac3
the-graph,0x28c6c06298d514db089934071355e5743bf21d60
the-graph,0x275d3d6035b374248dfa926f3f28980ff5b0c634
the-graph,0x8428c0d096d7a844eb063eea847c816926a6a6dd
the-graph,0x8ad2e0c9928558f7c9743c4733f1a24ac7b60e0c
the-graph,0xd6216fc19db775df9774a6e33526131da7d19a2c
the-graph,0x4971dd016127f390a3ef6b956ff944d0e2e1e462
the-graph,0x3d8fc1cffaa110f7a7f9f8bc237b73d54c4abf61
the-graph,0x3cc936b795a188f0e246cbb2d74c5bd190aecf18
the-graph,0x0e2c4be9f3408e5b1ff631576d946eb8c224b5ed
the-graph,0x6262998ced04146fa42253a5c0af90ca02dfd2a3
the-graph,0xcffad3200574698b78f32232aa9d63eabd290703
the-graph,0xf35a6bd6e0459a4b53a27862c51a2a7292b383d1
the-graph,0x36db66903bcfb0bfaf5396daa68e65363efb2be8
the-graph,0x5770815b0c2a09a43c9e5aecb7e2f3886075b605
the-graph,0xa2e501f3cec36497131f1530bdaa9cd5147bbf20
the-graph,0x6fc78dcc8a949d1530035bd577dcb21e9787100e
the-graph,0x5f65f7b609678448494de4c87521cdf6cef1e932
the-graph,0x593aebee9117eea447279e5973f64c68d8e977a0
the-graph,0x058a871358c1b01039a265635ea282c3f435a9ed
the-graph,0xafcd96e580138cfa2332c632e66308eacd45c5da
the-graph,0x86989b7b1ae82eb30d813d07c4bbd8731297e41d
the-graph,0xa5946a2c7a6c4232224b89a696ae51879bf5aed1
the-graph,0xb393ff3cd1f70fecf9cf8b67f27780fbea0d084f
the-graph,0xa3978efba678bd4c369d770163c524a78aa4c67f
the-graph,0xf3b0073e3a7f747c7a38b36b805247b222c302a3
the-graph,0x347d84778a65e917a00599c54c99d5f860eaf981
the-graph,0x5a52e96bacdabb82fd05763e25335261b270efcb
the-graph,0x6cc5f688a315f3dc28a7781717a9a798a59fda7b
the-graph,0x085ffa226585302df82000fa334a95a2fb5768c3
the-graph,0x40ec5b33f54e0e8a33a975908c5ba1c14e5bbbdf
the-graph,0xed5bc326eddf5851077283d2cc93bff46bce44d8
the-graph,0x2a46efbe8d40d60053233d0e22df0094488fb23a
the-graph,0x7cc39176c85808f9c07fb32a694e177cfde5506e
the-graph,0xf02ca56fa0ae87d33b2c7a41f7b037a2ee346490
the-graph,0xfd8f711ee84280ff7772685f6219195f39327c3f
the-graph,0xbffb60a537ce77d5f7d15c623540a06684e103f8
the-graph,0xf89d7b9c864f589bbf53a82105107622b35eaa40
the-graph,0x8e1aff4fe98129edbe423aca6a3af51b4de2af09
the-graph,0x46f80018211d5cbbc988e853a8683501fca4ee9b
the-graph,0x5785176048beb00dcb6ec84a604d76e30e0666db
the-graph,0xf55041e37e12cd407ad00ce2910b8269b01263b9
the-graph,0xf977814e90da44bfa03b6295a0616a897441acec
the-graph,0x32ec7a59549b9f114c9d7d8b21891d91ae7f2ca1
the-graph,0x36aff7001294dae4c2ed4fdefc478a00de77f090
apwine,0xdbbfc051d200438dd5847b093b22484b842de9e7
apwine,0x16d96ba86512b4f8d10bd74b1061d9f576d9c55d
apwine,0xc5ca1ebf6e912e49a6a70bb0385ea065061a4f09
apwine,0xca67f76bccce3f856fcd38825e3afc43386ec806
apwine,0xc4090b37eeff584fc48c58e9d2303acca82247dc
apwine,0x8b4334d4812c530574bd4f2763fcd22de94a969b
apwine,0x40ec5b33f54e0e8a33a975908c5ba1c14e5bbbdf
apwine,0xdc0b02849bb8e0f126a216a2840275da829709b0
apwine,0x0810b584eba735adea46ebecdfbe36346daab0b5
apwine,0x4beac9cf36e4ab5d44e384382bcf27b1004d27ae
apwine,0x3baf70b3d5079d8654c16b777c3e4e16d9071579
apwine,0x4a266739e40664e80470cc335120a2a1fa0b3f3f
apwine,0x7d42bf24f22ed0fb0a0473a504817ac5c44f51fb
apwine,0x335d354e8551086f780285ff886216af3f8aca9a
apwine,0x6788f608cfe5cfcd02e6152ec79505341e0774be
apwine,0x5aa79c3b0648c916600c88f028c1911e3a7c3ed3
apwine,0xba12222222228d8ba445958a75a0704d566bf2c8
apwine,0x5c48c740101ef90030de15b65e7de3f7b1e1a47c
apwine,0x2ca74be68f0a0e053f030d143c1376806babedc9
apwine,0x25e159ef4495a4b07f0d58c7960da7e1b2cb37a2
apwine,0x354743132e75e417344bcfdded6a045140556414
apwine,0x9c9d06c7378909c6d0a2a0017bb409f7fb8004e0
apwine,0x181cfa5dcf5c8d89ee9312c23c4b54a07dc64b55
apwine,0x6d0c2208d34f2eca9499134dee5a2123e5eb272f
apwine,0xa3a7b6f88361f48403514059f1f16c8e78d60eec
apwine,0x3ef3d8ba38ebe18db133cec108f4d14ce00dd9ae
apwine,0x639d20f70bcc01a25355720ef6590beab6e4a0e7
apwine,0x53162d78dca413d9e28cf62799d17a9e278b60e8
apwine,0x073d987513ca27ae5801f389c6ec5bd8c84909b2
index-cooperative,0x9467cfadc9de245010df95ec6a585a506a8ad5fc
index-cooperative,0x1bb64af7fe05fc69c740609267d2abe3e119ef82
index-cooperative,0x236815b32b50cc80f5c6348396b1a9b09fd3e7f7
index-cooperative,0x70044278d556b0c962224e095397a52287c99cb5
index-cooperative,0xa9d1e08c7793af67e9d92fe308d5697fb81d3e43
index-cooperative,0xee05a01deb017653e93db88d48b30aeb0da70b5e
index-cooperative,0x77843ea21a4cc006766bba8bdefd934cbea20f4a
index-cooperative,0xfde167a62c0b2ce180faebc1d0136bc24d13e6e1
index-cooperative,0x8c13148228765ba9e84eaf940b0416a5e349a5e7
index-cooperative,0x75e89d5979e4f6fba9f97c104c2f0afb3f1dcb88
index-cooperative,0xdd111f0fc07f4d89ed6ff96dbab19a61450b8435
index-cooperative,0x476cf198afac0fb13576f664cb49e5e658fd4322
index-cooperative,0x5f65f7b609678448494de4c87521cdf6cef1e932
index-cooperative,0xcc85e20c2a7e85f25ee336dee87284355d9dfc84
index-cooperative,0x55c316dea64d0b6ce20eab843c821a10e3bdb91b
index-cooperative,0x2f3a28df7f031695c52c680a4f9888d947d666b4
index-cooperative,0x3ec596c117117319162895579757839566a7dbbe
index-cooperative,0xec5bc904abb557781b16435e344a59d2218a6e17
index-cooperative,0x716fd7a421b7eeac5d5c658ddc824656e3e0f526
index-cooperative,0x5532caea445b4a14126b67ca4a300c74394e5094
index-cooperative,0xa73df646512c82550c2b3c0324c4eedee53b400c
index-cooperative,0xf0bc8fddb1f358cef470d63f96ae65b1d7914953
index-cooperative,0x7833ba760d9fe0085e39c490f5a8c66565770ca5
index-cooperative,0xce5e9b932717f8c4da5b3d18e1426a01c4102f97
index-cooperative,0x8614117946175757341b497b688c0c0662838e8e
index-cooperative,0x77fbd7a41cfab09b273c12ecf3d217688fade9c5
index-cooperative,0x61e35a476e10e4744ef3c051942bbd56620fc2ae
index-cooperative,0x530ca90aaec2957c771c707171d69413d9d1e35b
balancer,0xba12222222228d8ba445958a75a0704d566bf2c8
balancer,0x10a19e7ee7d7f8a52822f6817de8ea18204f2e4f
balancer,0xb129f73f1afd3a49c701241f374db17ae63b20eb
balancer,0xcdcebf1f28678eb4a1478403ba7f34c94f7ddbc5
balancer,0x7d64f03a7a15e6082d1371c82c59770d73b4f8aa
balancer,0x40ec5b33f54e0e8a33a975908c5ba1c14e5bbbdf
balancer,0x28c6c06298d514db089934071355e5743bf21d60
balancer,0x5a52e96bacdabb82fd05763e25335261b270efcb
balancer,0x3b8910f378034fd6e103df958863e5c684072693
balancer,0xc9cd5d64fde8919b6a274ad7f31b5a0c7e4b24b6
balancer,0x6d19b2bf3a36a61530909ae65445a906d98a2fa8
balancer,0x272f97b7a56a387ae942350bbc7df5700f8a4576
balancer,0xe1f385da68f138aec8bc5af65ffa39960e34cac7
balancer,0x464c71f6c2f760dda6093dcb91c24c39e5d6e18c
balancer,0xc7ed3fbc63cdbe1cb540713983afb4fd18d2967b
balancer,0x5934807cc0654d46755ebd2848840b616256c6ef
balancer,0xe2c91f3409ad6d8ce3a2e2eb330790398cb23597
balancer,0xa9d1e08c7793af67e9d92fe308d5697fb81d3e43
balancer,0xa3a7b6f88361f48403514059f1f16c8e78d60eec
balancer,0x1494ca1f11d487c2bbe4543e90080aeba4ba3c2b
balancer,0x21a31ee1afc51d94c2efccaa2092ad1028285549
balancer,0x40672889535566711346829a2dfe16e3d060b8be
balancer,0xdfd5293d8e347dfe59e90efd55b2956a1343963d
balancer,0x4501042eb39ae9185919f94533df5324d8232be5
balancer,0xef287b8ad0ead84a6c7007ea56c6d46fd06af1a0
balancer,0xd4b46b14604f8ca35c8e80e497a3f22b85752149
balancer,0x41431b29eca702002a779c8b7f6f9364774c9621
balancer,0xca054c84ea710f7e0b71c781cf1809b2a261ab99
balancer,0x79e970f953c7cfbbb74e05b6df54f75db4a3cad6
balancer,0xbba5ebe53e7ea486c527b901e02761a74d4be07f
balancer,0x1e26fe447505d58c35c7fbce2f197099c58a06a4
balancer,0xb96d57a1d9876913afc1ec2f335f610178893553
balancer,0x4d34c08f9bed000df0fdee895fceca5373b39daf
balancer,0xe3de5022445ee864cc14c303b09efe3a683632a9
balancer,0xc0735dc9bd6a7d16826dbce01863970cf3881397
balancer,0xfa98226f05b1db1a454d0d4b0dd2efebb80e74d2
balancer,0x8fece68bf71152091a97c648d6b3130aade4e496
balancer,0x531bb31a7b4b320e16af2c855b9fe0c0b0806ff2
balancer,0xf86e9f9331fa122d495236df0bab70b66b55e387
balancer,0x1090cdfd5e7aac76248665d530b0a63d4da3f9a5
balancer,0x8d6f396d210d385033b348bcae9e4f9ea4e045bd
balancer,0xef3cb1d826a8940f526b45264be7f47c99770cc2
balancer,0x6bb8e1c775672a92f34b89abe0362e89cd616d1d
balancer,0x3650cde7403d45f09e34f2d3704ad8e1c02b5c58
balancer,0xf227494f11fdcfe35b49dcce220928c86c62a571
balancer,0xbf8dce5bc97da4ad219b2005e6a61d52cf7e69fb
balancer,0x736fe4555184778765e4a42d181f6dc2b0b7bf3c
balancer,0x06808e6d257e06236bfe1db74fd62c1f582806af
balancer,0x1542326f181340ea035687c604f2c99803c62c32
balancer,0xb79ae2655a5884e9c474ab9015d662bb825e58ce
balancer,0xbe7760adb8e08218d984d50822e7656d46effd40
balancer,0x84525d09fc9a0a3978e12a00e684d5cac1f52c79
balancer,0x5d217dcc8cb22eafec2dbc372d91e2f6dbb80d26
balancer,0x326d9f47ba49bbaac279172634827483af70a601
balancer,0x59a19d8c652fa0284f44113d0ff9aba70bd46fb4
balancer,0x856119967f81b7335048db3b4afe3d05effd0f9e
balancer,0x5e5ea2048475854a5702f5b8468a51ba1296efcc
balancer,0x42967fe8f5a4fc9afb31558378b77d61cb8ce56a
balancer,0xdd14f3b17c08f9183d5390c31280bbb321491bda
balancer,0xc8a59ba261f36dd2d1d27c0337bd4e328f004563
balancer,0x5d0ce4389bcb2975c80de0c996ad532eb85ba3bc
balancer,0x46692225bd0c88f901b88fd279a1d59e69e23a3b
balancer,0x4f21734ad1c41affc712da0ed4a43edd1fc9219b
balancer,0x7b556f4405120d270a0321ab55cd35b5957cf519
balancer,0xc82c28a1478de97dc06438690ae19798951b837e
balancer,0x5fa9ebc0d504429509deccb5c9d2147b4ff8cd26
balancer,0xb24247d8b7681a2d419ebb8a2796ad385ceac728
balancer,0xf01e2b33cb2eb0ff45628acebabb5f6daac3849d
balancer,0x197fdc04553f243b17344534d5cc23fa7bf969f0
balancer,0x97ff8a30118bbd80c219bf1f8d5ae8c6a71a1dcf
balancer,0xdcee1c640cc270121faf145f231fd8ff1d8d5cd4
balancer,0xbe0eb53f46cd790cd13851d5eff43d12404d33e8
balancer,0x2da40d78e7b3af22bbd672a8f3146682faec9641
balancer,0xe2c1c3fd3e5d67473dbe01fc9cf8f73624f778bf
balancer,0x2509dc0b4d696a2261d47307a017f88f83295029
balancer,0xd4d8583fdb310107dc6f936db23b2d0142139ab8
balancer,0x000844e0f9f187569d2e8b49b8260fd4a24328fa
balancer,0xf0bc36fa47a052b92da4f50bd042d9e047192a65
balancer,0x4279ffe314dbf5d8fcced919235a72003f871f14
balancer,0xc186fa914353c44b2e33ebe05f21846f1048beda
balancer,0x1d3d771ed39113b3ad457af22104bf46ff8ded9b
balancer,0x6ebdc53b2c07378662940a7593ad39fb67778457
balancer,0xc1bf8f2acc5d5824974ce4c90a8438421150f753
balancer,0xfac58bcb27dabe2077aa807fc47b91f6646d4b90
balancer,0xe867be952ee17d2d294f2de62b13b9f4af521e9a
balancer,0x49ff149d649769033d43783e7456f626862cd160
balancer,0x97f991971a37d4ca58064e6a98fc563f03a71e5c
balancer,0x8226d171102003dd053f28b5193b330cbbec5e80
balancer,0xb13116f6f225e9d58ef6cc1b87a492eeeceb15c8
balancer,0xe93381fb4c4f14bda253907b18fad305d799241a
balancer,0x77134cbc06cb00b66f4c7e623d5fdbf6777635ec
balancer,0xfc78f8e1af80a3bf5a1783bb59ed2d1b10f78ca9
balancer,0x9dde0b1d39d0d2c6589cde1bfed3542d2a3c5b11
balancer,0x5f65f7b609678448494de4c87521cdf6cef1e932
balancer,0x34ea4138580435b5a521e460035edb19df1938c1
balancer,0xcf8bcac27f0b7a32fd9ec07b81cd2cf4d14e32a1
balancer,0xd3cf852898b21fc233251427c2dc93d3d604f3bb
balancer,0xe8d4d93d9728bd673b0197673a230f62255c7846
balancer,0xb04ce132d00e21c6bf4d8ec9ffbd24d1f9384b83
balancer,0x46340b20830761efd32832a74d7169b29feb9758
balancer,0x10780f38d60c2ff38137ff17d114b453cd460bf4
yearn-finance,0xfeb4acf3df3cdea7399794d0869ef76a6efaff52
yearn-finance,0xf977814e90da44bfa03b6295a0616a897441acec
yearn-finance,0x90c1f9220d90d3966fbee24045edd73e1d588ad5
yearn-finance,0x6cc5f688a315f3dc28a7781717a9a798a59fda7b
yearn-finance,0x2e8daf55f212be91d3fa882cceab193a08fddeb2
yearn-finance,0x28c6c06298d514db089934071355e5743bf21d60
yearn-finance,0xbe0eb53f46cd790cd13851d5eff43d12404d33e8
yearn-finance,0x3217b819ea2d25f1982bae5dd9c8fe4c6d546bfc
yearn-finance,0xf3b0073e3a7f747c7a38b36b805247b222c302a3
yearn-finance,0xafcd96e580138cfa2332c632e66308eacd45c5da
yearn-finance,0xcffad3200574698b78f32232aa9d63eabd290703
yearn-finance,0xf89d7b9c864f589bbf53a82105107622b35eaa40
yearn-finance,0x4cb5ee1ad8bf1b9d75422f9ad086da2f84bd91b4
yearn-finance,0xdb25ca703181e7484a155dd612b06f57e12be5f0
yearn-finance,0xd6216fc19db775df9774a6e33526131da7d19a2c
yearn-finance,0xc26b89a667578ec7b3f11b2f98d6fd15c07c54ba
yearn-finance,0x088ee5007c98a9677165d78dd2109ae4a3d04d0c
yearn-finance,0xa9d1e08c7793af67e9d92fe308d5697fb81d3e43
yearn-finance,0x326d9f47ba49bbaac279172634827483af70a601
yearn-finance,0x5f65f7b609678448494de4c87521cdf6cef1e932
yearn-finance,0x21a31ee1afc51d94c2efccaa2092ad1028285549
yearn-finance,0xf3764ec89b1ad20a31ed633b1466363fac1741c4
yearn-finance,0x6262998ced04146fa42253a5c0af90ca02dfd2a3
yearn-finance,0xb0823c25cdf531a58e581ee14f160c290fef5722
yearn-finance,0xf35a6bd6e0459a4b53a27862c51a2a7292b383d1
yearn-finance,0xa5946a2c7a6c4232224b89a696ae51879bf5aed1
yearn-finance,0xdfd5293d8e347dfe59e90efd55b2956a1343963d
yearn-finance,0x27fd43babfbe83a81d14665b1a6fb8030a60c9b4
yearn-finance,0x5165d24277cd063f5ac44efd447b27025e888f37
yearn-finance,0x77134cbc06cb00b66f4c7e623d5fdbf6777635ec
yearn-finance,0x19184ab45c40c2920b0e0e31413b9434abd243ed
yearn-finance,0x1494ca1f11d487c2bbe4543e90080aeba4ba3c2b
yearn-finance,0x593aebee9117eea447279e5973f64c68d8e977a0
yearn-finance,0x00d25d6f3f084eaafc670c3cd57f0f50fb481976
yearn-finance,0x742d35cc6634c0532925a3b844bc454e4438f44e
yearn-finance,0x058a871358c1b01039a265635ea282c3f435a9ed
yearn-finance,0x2f8742738e55b7e15d8c1aa213af1ff9289c7c6b
yearn-finance,0x0f5244e3838860574e9a74d95ff09011eedd1ccb
yearn-finance,0x80a2ae356fc9ef4305676f7a3e2ed04e12c33946
yearn-finance,0xf60c2ea62edbfe808163751dd0d8693dcb30019c
yearn-finance,0xcb12703627326454c2cd89b082bd6b787df214cd
yearn-finance,0xc9bae7707881009cee36e93d6bd518d84c2acab2
yearn-finance,0xba37b002abafdd8e89a1995da52740bbc013d992
yearn-finance,0x0d0707963952f2fba59dd06f2b425ace40b492fe
yearn-finance,0x3d8fc1cffaa110f7a7f9f8bc237b73d54c4abf61
yearn-finance,0x51c72848c68a965f66fa7a88855f9f7784502a7f
yearn-finance,0x3ee18b2214aff97000d974cf647e7c347e8fa585
yearn-finance,0x5bdf85216ec1e38d6458c870992a69e38e03f7ef
yearn-finance,0xd0660cd418a64a1d44e9214ad8e459324d8157f1
yearn-finance,0xa0460fceb47886920aad8a87b627f3890793d1a6
yearn-finance,0xf0bc8fddb1f358cef470d63f96ae65b1d7914953
yearn-finance,0x2fdbadf3c4d5a8666bc06645b8358ab803996e28
yearn-finance,0xb8e6d31e7b212b2b7250ee9c26c56cebbfbe6b23
yearn-finance,0x446b86a33e2a438f569b15855189e3da28d027ba
yearn-finance,0x75e89d5979e4f6fba9f97c104c2f0afb3f1dcb88
yearn-finance,0xe8cfad4c75a5e1caf939fd80afcf837dde340a69
yearn-finance,0x9e2b6378ee8ad2a4a95fe481d63caba8fb0ebbf9